,,,,,,,,,,% of FGA by Distance,,,,,,,FG% by Distance,,,,,,,% of FG Ast'd,,,Dunks,,,Corner 3s,,,Heaves,
Rk,Player,Pos,Age,Tm,G,MP,FG%,Dist.,,2P,0-3,3-Oct,Oct-16,16-3P,3P,,2P,0-3,3-Oct,Oct-16,16-3P,3P,,2P,3P,,%FGA,#,,%3PA,3P%,,Att.,#
1,Precious Achiuwa,PF-C,24,TOT,74,1624,0.501,7.6,,0.793,0.52,0.215,0.047,0.011,0.207,,0.562,0.697,0.317,0.273,0.2,0.268,,0.593,0.962,,0.145,62,,0.474,0.304,,0,0
1,Precious Achiuwa,C,24,TOR,25,437,0.459,9.5,,0.724,0.418,0.247,0.047,0.012,0.276,,0.528,0.662,0.357,0.25,0.5,0.277,,0.662,1,,0.147,21,,0.362,0.294,,0,0
1,Precious Achiuwa,PF,24,NYK,49,1187,0.525,6.5,,0.833,0.579,0.197,0.047,0.01,0.167,,0.578,0.711,0.288,0.286,0,0.26,,0.563,0.923,,0.144,41,,0.58,0.31,,0,0
2,Bam Adebayo,C,26,MIA,71,2416,0.521,8.5,,0.959,0.245,0.367,0.278,0.069,0.041,,0.528,0.727,0.515,0.406,0.386,0.357,,0.573,1,,0.148,134,,0.167,0.429,,0,0
3,Ochai Agbaji,SG,23,TOT,78,1641,0.411,14,,0.513,0.289,0.176,0.037,0.012,0.487,,0.523,0.664,0.329,0.438,0.2,0.294,,0.75,0.984,,0.085,31,,0.455,0.365,,1,0
3,Ochai Agbaji,SG,23,UTA,51,1003,0.426,15.9,,0.43,0.201,0.181,0.036,0.012,0.57,,0.551,0.72,0.422,0.333,0.333,0.331,,0.831,0.979,,0.068,15,,0.451,0.406,,0,0
3,Ochai Agbaji,SG,23,TOR,27,638,0.391,11.4,,0.625,0.408,0.168,0.038,0.011,0.375,,0.496,0.627,0.194,0.571,0,0.217,,0.667,1,,0.109,16,,0.464,0.281,,1,0
4,Santi Aldama,PF,23,MEM,61,1618,0.435,15.8,,0.465,0.211,0.188,0.049,0.016,0.535,,0.534,0.692,0.411,0.393,0.333,0.349,,0.674,0.962,,0.067,34,,0.296,0.3,,0,0
5,Nickeil Alexander-Walker,SG,25,MIN,82,1921,0.439,17.7,,0.377,0.149,0.145,0.046,0.037,0.623,,0.517,0.65,0.449,0.44,0.35,0.391,,0.581,0.977,,0.02,9,,0.469,0.452,,2,0
6,Grayson Allen,SG,28,PHO,75,2513,0.499,18.2,,0.348,0.192,0.13,0.023,0.001,0.652,,0.57,0.687,0.438,0.375,0,0.461,,0.57,0.912,,0.031,17,,0.294,0.473,,0,0
7,Jarrett Allen,C,25,CLE,77,2442,0.634,4.2,,0.993,0.554,0.338,0.081,0.02,0.007,,0.638,0.738,0.531,0.5,0.25,0,,0.823,,,0.243,170,,0.333,0,,0,0
8,Timmy Allen,SF,24,MEM,5,125,0.261,14.6,,0.696,0.13,0.174,0.261,0.13,0.304,,0.375,0.333,0.5,0.333,0.333,0,,0.333,,,0,0,,0.714,0,,0,0
9,Jose Alvarado,PG,25,NOP,56,1028,0.412,17.7,,0.4,0.136,0.188,0.067,0.009,0.6,,0.464,0.617,0.415,0.304,0.333,0.377,,0.578,0.885,,0,0,,0.28,0.483,,1,0
10,Kyle Anderson,PF,30,MIN,79,1782,0.46,9,,0.889,0.192,0.48,0.189,0.028,0.111,,0.488,0.627,0.438,0.476,0.5,0.229,,0.511,1,,0.025,10,,0.688,0.303,,1,0
11,Giannis Antetokounmpo,PF,29,MIL,73,2567,0.611,6.7,,0.909,0.519,0.251,0.068,0.072,0.091,,0.645,0.818,0.452,0.323,0.374,0.274,,0.509,0.5,,0.193,251,,0.024,0,,1,0
12,Thanasis Antetokounmpo,PF,31,MIL,34,155,0.533,3.7,,0.967,0.767,0.167,0,0.033,0.033,,0.552,0.609,0.4,,0,0,,0.75,,,0.333,7,,1,0,,0,0
13,Cole Anthony,PG,23,ORL,81,1817,0.435,14.9,,0.64,0.152,0.244,0.169,0.075,0.36,,0.49,0.647,0.484,0.434,0.316,0.338,,0.28,0.892,,0.014,9,,0.204,0.321,,3,0
14,OG Anunoby,SF,26,TOT,50,1702,0.489,14,,0.537,0.31,0.121,0.066,0.04,0.463,,0.581,0.721,0.357,0.368,0.522,0.382,,0.689,0.961,,0.144,75,,0.476,0.457,,0,0
14,OG Anunoby,SF,26,TOR,27,900,0.489,15.2,,0.492,0.265,0.131,0.056,0.04,0.508,,0.608,0.753,0.405,0.389,0.615,0.374,,0.729,0.951,,0.128,36,,0.405,0.439,,0,0
14,OG Anunoby,SF,26,NYK,23,802,0.488,12.6,,0.594,0.367,0.109,0.078,0.039,0.406,,0.553,0.691,0.286,0.35,0.4,0.394,,0.643,0.976,,0.164,39,,0.587,0.475,,0,0
15,Ryan Arcidiacono,PG,29,NYK,20,45,0,26.3,,0,0,0,0,0,1,,,,,,,0,,,,,0,0,,0,,,0,0
16,Deni Avdija,SF,23,WAS,75,2257,0.506,10.9,,0.707,0.336,0.298,0.044,0.03,0.293,,0.56,0.737,0.427,0.171,0.458,0.374,,0.569,0.852,,0.057,42,,0.272,0.484,,3,0
17,Deandre Ayton,C,25,POR,55,1784,0.57,8.9,,0.987,0.255,0.308,0.268,0.155,0.013,,0.576,0.764,0.541,0.453,0.552,0.1,,0.749,1,,0.117,80,,0.4,0.25,,1,0
18,Udoka Azubuike,C,24,PHO,16,113,0.696,2.7,,1,0.696,0.261,0.043,0,0,,0.696,0.813,0.5,0,,,,0.563,,,0.522,10,,,,,0,0
19,Ibou Badji,C,21,POR,22,226,0.636,4.2,,1,0.591,0.227,0.136,0.045,0,,0.636,0.769,0.2,0.667,1,,,0.5,,,0.409,7,,,,,0,0
20,Marvin Bagley III,C,24,TOT,50,1053,0.586,5.1,,0.944,0.544,0.292,0.091,0.017,0.056,,0.597,0.721,0.454,0.405,0.143,0.391,,0.665,1,,0.189,71,,0.304,0.429,,0,0
20,Marvin Bagley III,C,24,DET,26,478,0.591,4.9,,0.967,0.552,0.276,0.105,0.033,0.033,,0.606,0.71,0.54,0.421,0,0.167,,0.66,1,,0.204,34,,0.167,0,,0,0
20,Marvin Bagley III,C,24,WAS,24,575,0.581,5.2,,0.925,0.537,0.304,0.079,0.004,0.075,,0.59,0.73,0.391,0.389,1,0.471,,0.669,1,,0.176,37,,0.353,0.5,,0,0
21,Amari Bailey,PG,19,CHO,10,65,0.333,13.5,,0.667,0.333,0.042,0.167,0.125,0.333,,0.438,0.5,1,0.25,0.333,0.125,,0.286,1,,0.125,2,,0.125,1,,0,0
22,Patrick Baldwin Jr.,SF,21,WAS,38,493,0.381,18,,0.374,0.219,0.097,0.026,0.032,0.626,,0.483,0.676,0.267,0.25,0,0.32,,0.714,1,,0.058,9,,0.165,0.375,,0,0
23,LaMelo Ball,PG,22,CHO,22,711,0.433,15.4,,0.534,0.191,0.265,0.054,0.024,0.466,,0.5,0.654,0.455,0.348,0.1,0.355,,0.159,0.586,,0.002,0,,0.157,0.484,,0,0
24,Mo Bamba,C,25,PHI,57,740,0.49,10.6,,0.677,0.475,0.146,0.02,0.035,0.323,,0.537,0.617,0.345,0.75,0.143,0.391,,0.611,1,,0.187,33,,0.125,0.125,,0,0
25,Paolo Banchero,PF,21,ORL,80,2799,0.455,12.6,,0.751,0.225,0.235,0.183,0.108,0.249,,0.493,0.703,0.403,0.395,0.421,0.339,,0.363,0.655,,0.063,80,,0.068,0.25,,2,0
26,Desmond Bane,SG,25,MEM,42,1443,0.464,15.9,,0.536,0.216,0.168,0.061,0.091,0.464,,0.536,0.72,0.377,0.553,0.38,0.381,,0.404,0.613,,0.009,7,,0.144,0.442,,2,0
27,Dalano Banton,PG,24,TOT,54,1047,0.404,13.7,,0.602,0.232,0.268,0.068,0.034,0.398,,0.475,0.655,0.396,0.294,0.235,0.296,,0.336,0.847,,0.034,17,,0.146,0.345,,0,0
27,Dalano Banton,PG,24,BOS,24,171,0.373,11.3,,0.686,0.275,0.353,0.02,0.039,0.314,,0.486,0.643,0.444,0,0,0.125,,0.412,1,,0.078,4,,0.313,0.2,,0,0
27,Dalano Banton,PG,24,POR,30,876,0.408,14,,0.592,0.227,0.258,0.073,0.033,0.408,,0.474,0.657,0.388,0.303,0.267,0.311,,0.325,0.842,,0.029,13,,0.131,0.375,,0,0
28,Dominick Barlow,PF,20,SAS,33,420,0.496,7.4,,0.92,0.398,0.257,0.221,0.044,0.08,,0.51,0.578,0.483,0.48,0.2,0.333,,0.698,1,,0.088,9,,0.889,0.375,,0,0
29,Harrison Barnes,PF,31,SAC,82,2381,0.474,15.9,,0.474,0.182,0.223,0.052,0.018,0.526,,0.571,0.684,0.515,0.421,0.538,0.387,,0.631,0.966,,0.034,21,,0.421,0.42,,0,0
30,Scottie Barnes,SG,22,TOR,60,2094,0.475,12.4,,0.686,0.271,0.268,0.079,0.069,0.314,,0.536,0.733,0.429,0.297,0.446,0.341,,0.462,0.911,,0.084,73,,0.149,0.364,,1,0
31,RJ Barrett,SG,23,TOT,58,1838,0.495,10.2,,0.716,0.364,0.276,0.057,0.019,0.284,,0.549,0.694,0.42,0.3,0.412,0.36,,0.592,0.989,,0.05,39,,0.352,0.409,,0,0
31,RJ Barrett,SG,23,NYK,26,766,0.423,12.2,,0.665,0.278,0.255,0.093,0.039,0.335,,0.469,0.62,0.374,0.306,0.4,0.331,,0.537,1,,0.034,10,,0.377,0.388,,0,0
31,RJ Barrett,SG,23,TOR,32,1072,0.553,8.7,,0.756,0.431,0.293,0.028,0.004,0.244,,0.605,0.731,0.451,0.286,0.5,0.392,,0.622,0.979,,0.063,29,,0.325,0.436,,0,0
32,Charles Bassey,C,23,SAS,19,205,0.725,5,,0.975,0.65,0.1,0.2,0.025,0.025,,0.744,0.846,0.75,0.5,0,0,,0.793,,,0.25,10,,0,,,0,0
33,Emoni Bates,SF,20,CLE,15,133,0.306,20.5,,0.327,0.143,0.041,0.041,0.102,0.673,,0.313,0.286,0,0.5,0.4,0.303,,0.2,1,,0.02,0,,0.182,0.5,,0,0
34,Keita Bates-Diop,SF,28,TOT,53,665,0.434,12.2,,0.584,0.343,0.181,0.06,0,0.416,,0.526,0.632,0.333,0.5,,0.304,,0.627,0.952,,0.096,15,,0.623,0.326,,0,0
34,Keita Bates-Diop,SF,28,PHO,39,597,0.427,12.4,,0.573,0.34,0.173,0.06,0,0.427,,0.512,0.608,0.346,0.444,,0.313,,0.614,0.95,,0.1,14,,0.656,0.333,,0,0
34,Keita Bates-Diop,SF,28,BRK,14,68,0.5,11,,0.688,0.375,0.25,0.063,0,0.313,,0.636,0.833,0.25,1,,0.2,,0.714,1,,0.063,1,,0.2,0,,0,0
35,Nicolas Batum,PF,35,TOT,60,1529,0.453,19,,0.277,0.191,0.043,0.027,0.016,0.723,,0.606,0.653,0.636,0.429,0.25,0.395,,0.628,1,,0.035,9,,0.535,0.434,,1,0
35,Nicolas Batum,PF,35,LAC,3,54,0.375,22,,0.125,0,0.125,0,0,0.875,,1,,1,,,0.286,,1,1,,0.125,1,,0.571,0.5,,0,0
35,Nicolas Batum,PF,35,PHI,57,1475,0.456,18.9,,0.282,0.198,0.04,0.028,0.016,0.718,,0.6,0.653,0.6,0.429,0.25,0.399,,0.619,1,,0.032,8,,0.534,0.432,,1,0
36,Darius Bazley,PF,23,TOT,9,152,0.6,9.9,,0.733,0.333,0.333,0.067,0,0.267,,0.727,0.9,0.6,0.5,,0.25,,0.5,1,,0.233,6,,0.625,0.4,,0,0
36,Darius Bazley,PF,23,PHI,3,10,0,0.8,,1,1,0,0,0,0,,0,0,,,,,,,,,1,0,,,,,0,0
36,Darius Bazley,PF,23,UTA,6,142,0.621,10.2,,0.724,0.31,0.345,0.069,0,0.276,,0.762,1,0.6,0.5,,0.25,,0.5,1,,0.207,6,,0.625,0.4,,0,0
37,Bradley Beal,SG,30,PHO,53,1767,0.513,13.5,,0.68,0.233,0.193,0.132,0.122,0.32,,0.552,0.725,0.472,0.474,0.433,0.43,,0.442,0.861,,0.034,22,,0.311,0.438,,0,0
38,Malik Beasley,SG,27,MIL,79,2337,0.443,20.7,,0.249,0.073,0.1,0.04,0.036,0.751,,0.533,0.736,0.472,0.414,0.423,0.413,,0.688,0.951,,0.008,5,,0.399,0.472,,0,0
39,MarJon Beauchamp,SF,23,MIL,48,608,0.488,14.8,,0.548,0.277,0.127,0.054,0.09,0.452,,0.56,0.63,0.476,0.556,0.467,0.4,,0.588,0.967,,0.096,12,,0.387,0.448,,0,0
40,Jules Bernard,SG,24,WAS,19,149,0.453,14,,0.547,0.328,0.172,0.031,0.016,0.453,,0.514,0.571,0.455,0.5,0,0.379,,0.278,0.909,,0.016,1,,0.172,0.6,,0,0
41,Dāvis Bertāns,PF,31,TOT,43,674,0.393,23.7,,0.145,0.064,0.038,0.004,0.038,0.855,,0.471,0.6,0.444,0,0.333,0.38,,0.938,0.961,,0.017,3,,0.225,0.333,,1,0
41,Dāvis Bertāns,PF,31,OKC,15,91,0.385,23.8,,0.077,0.038,0,0.038,0,0.923,,0,0,,0,,0.417,,,0.9,,0,0,,0.375,0.333,,0,0
41,Dāvis Bertāns,PF,31,CHO,28,583,0.394,23.7,,0.154,0.067,0.043,0,0.043,0.846,,0.5,0.643,0.444,,0.333,0.375,,0.938,0.97,,0.019,3,,0.205,0.333,,1,0
42,Patrick Beverley,PG,35,TOT,73,1462,0.417,15.3,,0.522,0.153,0.293,0.066,0.011,0.478,,0.49,0.672,0.441,0.32,0.25,0.337,,0.361,0.852,,0.003,1,,0.309,0.464,,0,0
42,Patrick Beverley,PG,35,PHI,47,919,0.432,14.9,,0.548,0.154,0.315,0.066,0.012,0.452,,0.523,0.703,0.474,0.375,0.333,0.321,,0.348,0.771,,0.004,1,,0.22,0.583,,0,0
42,Patrick Beverley,PG,35,MIL,26,543,0.391,15.9,,0.478,0.152,0.254,0.065,0.007,0.522,,0.424,0.619,0.371,0.222,0,0.361,,0.393,0.962,,0,0,,0.444,0.375,,0,0
43,Saddiq Bey,SF,24,ATL,63,2062,0.416,14.5,,0.486,0.287,0.155,0.033,0.011,0.514,,0.522,0.645,0.361,0.261,0.375,0.316,,0.492,0.982,,0.066,44,,0.453,0.29,,1,0
44,Goga Bitadze,C,24,ORL,62,957,0.603,3.8,,0.933,0.689,0.23,0.005,0.01,0.067,,0.636,0.715,0.438,0,0,0.143,,0.637,1,,0.273,51,,0.286,0,,0,0
45,Onuralp Bitim,SG,24,CHI,23,268,0.381,16.2,,0.476,0.202,0.143,0.083,0.048,0.524,,0.5,0.706,0.25,0.571,0.25,0.273,,0.75,1,,0.06,3,,0.341,0.267,,0,0
46,Bismack Biyombo,C,31,TOT,40,791,0.565,3.7,,1,0.489,0.504,0.008,0,0,,0.565,0.719,0.424,0,,,,0.757,,,0.198,24,,,,,0,0
46,Bismack Biyombo,C,31,MEM,30,718,0.563,3.7,,1,0.487,0.504,0.008,0,0,,0.563,0.724,0.417,0,,,,0.776,,,0.21,24,,,,,0,0
46,Bismack Biyombo,C,31,OKC,10,73,0.583,3.3,,1,0.5,0.5,0,0,0,,0.583,0.667,0.5,,,,,0.571,,,0.083,0,,,,,0,0
47,Anthony Black,PG,20,ORL,69,1164,0.466,13,,0.619,0.308,0.162,0.085,0.065,0.381,,0.51,0.684,0.4,0.286,0.25,0.394,,0.731,0.919,,0.109,25,,0.5,0.404,,0,0
48,Leaky Black,SF,24,CHO,26,284,0.481,12.4,,0.615,0.308,0.212,0.038,0.058,0.385,,0.5,0.75,0.182,0.5,0.333,0.45,,0.688,1,,0.077,4,,0.45,0.556,,0,0
49,Buddy Boeheim,SF,24,DET,10,84,0.31,23.9,,0.138,0.034,0.034,0.034,0.034,0.862,,0.25,0,0,1,0,0.32,,1,1,,0,0,,0.2,0.2,,0,0
50,Bogdan Bogdanović,SG,31,ATL,79,2401,0.428,18.4,,0.417,0.123,0.148,0.095,0.051,0.583,,0.503,0.563,0.46,0.514,0.464,0.374,,0.558,0.863,,0.008,7,,0.204,0.42,,5,0
51,Bojan Bogdanović,SF-PF,34,TOT,57,1478,0.454,16.7,,0.51,0.117,0.181,0.14,0.072,0.49,,0.507,0.625,0.48,0.484,0.429,0.398,,0.648,0.872,,0.006,4,,0.275,0.435,,0,0
51,Bojan Bogdanović,PF,34,DET,28,921,0.468,16.6,,0.513,0.111,0.2,0.141,0.061,0.487,,0.518,0.723,0.447,0.5,0.423,0.415,,0.584,0.86,,0.002,1,,0.232,0.438,,0,0
51,Bojan Bogdanović,SF,34,NYK,29,557,0.43,16.8,,0.504,0.129,0.148,0.137,0.09,0.496,,0.488,0.485,0.553,0.457,0.435,0.37,,0.762,0.894,,0.012,3,,0.346,0.432,,0,0
52,Bol Bol,PF,24,PHO,43,469,0.616,13.4,,0.656,0.185,0.272,0.146,0.053,0.344,,0.717,0.929,0.683,0.591,0.5,0.423,,0.789,1,,0.106,15,,0.596,0.419,,0,0
53,Marques Bolden,C,25,TOT,11,121,0.68,5.4,,0.96,0.44,0.32,0.2,0,0.04,,0.708,0.818,0.875,0.2,,0,,0.824,,,0.2,5,,0,,,0,0
53,Marques Bolden,C,25,MIL,2,3,,,,,,,,,,,,,,,,,,,,,,0,,,,,0,0
53,Marques Bolden,C,25,CHO,9,118,0.68,5.4,,0.96,0.44,0.32,0.2,0,0.04,,0.708,0.818,0.875,0.2,,0,,0.824,,,0.2,5,,0,,,0,0
54,Devin Booker,PG,27,PHO,68,2447,0.492,15.4,,0.68,0.14,0.158,0.231,0.151,0.32,,0.552,0.76,0.447,0.551,0.472,0.364,,0.373,0.612,,0.013,14,,0.074,0.452,,0,0
55,Brandon Boston Jr.,SF,22,LAC,32,345,0.404,13.9,,0.677,0.205,0.168,0.211,0.093,0.323,,0.468,0.636,0.296,0.5,0.333,0.269,,0.588,0.786,,0.068,11,,0.25,0.385,,0,0
56,Chris Boucher,PF,31,TOR,50,705,0.507,12.4,,0.567,0.373,0.166,0.009,0.018,0.433,,0.642,0.765,0.417,0.5,0.25,0.33,,0.595,1,,0.092,18,,0.415,0.256,,0,0
57,James Bouknight,SG,23,CHO,14,81,0.439,20.2,,0.268,0.171,0.049,0.024,0.024,0.732,,0.455,0.714,0,0,0,0.433,,0.4,0.538,,0.024,1,,0.233,0.286,,0,0
58,Jamaree Bouyea,PG,24,TOT,9,95,0.357,13.6,,0.679,0.286,0.321,0.036,0.036,0.321,,0.474,0.625,0.222,1,1,0.111,,0.444,1,,0,0,,0,,,1,0
58,Jamaree Bouyea,PG,24,POR,6,57,0.238,15.6,,0.619,0.238,0.333,0,0.048,0.381,,0.385,0.6,0.143,,1,0,,0.4,,,0,0,,0,,,1,0
58,Jamaree Bouyea,PG,24,SAS,3,38,0.714,7.8,,0.857,0.429,0.286,0.143,0,0.143,,0.667,0.667,0.5,1,,1,,0.5,1,,0,0,,0,,,0,0
59,Malaki Branham,PG,20,SAS,75,1594,0.432,15.1,,0.573,0.186,0.189,0.134,0.064,0.427,,0.494,0.744,0.328,0.5,0.25,0.347,,0.657,0.968,,0.019,12,,0.272,0.384,,0,0
60,Christian Braun,SG,22,DEN,82,1655,0.46,11.4,,0.66,0.342,0.263,0.025,0.031,0.34,,0.498,0.667,0.339,0.083,0.333,0.384,,0.692,0.937,,0.068,30,,0.341,0.304,,1,0
61,Mikal Bridges,SF,27,BRK,82,2854,0.436,15.9,,0.543,0.165,0.163,0.158,0.056,0.457,,0.49,0.668,0.398,0.468,0.292,0.372,,0.494,0.882,,0.016,20,,0.338,0.405,,5,1
62,Miles Bridges,SF,25,CHO,69,2581,0.462,13.6,,0.628,0.283,0.207,0.058,0.081,0.372,,0.529,0.696,0.424,0.343,0.347,0.349,,0.555,0.879,,0.058,66,,0.196,0.341,,7,0
63,Oshae Brissett,SF,25,BOS,55,630,0.444,11.4,,0.641,0.34,0.261,0.013,0.026,0.359,,0.541,0.673,0.4,0.5,0.25,0.273,,0.66,1,,0.144,20,,0.436,0.333,,0,0
64,Izaiah Brockington,PG,24,NOP,1,3,0.4,10.5,,0.8,0.4,0.2,0,0.2,0.2,,0.5,1,0,,0,0,,0.5,,,0.2,1,,0,,,0,0
65,Malcolm Brogdon,PG,31,POR,39,1121,0.44,15.4,,0.599,0.206,0.157,0.117,0.119,0.401,,0.458,0.608,0.385,0.431,0.322,0.412,,0.257,0.756,,0.002,0,,0.121,0.5,,0,0
66,Armoni Brooks,PG,25,BRK,10,104,0.326,20,,0.304,0.109,0.152,0.022,0.022,0.696,,0.286,0,0.571,0,0,0.344,,0.75,0.909,,0,0,,0.063,0,,0,0
67,Dillon Brooks,SF,28,HOU,72,2227,0.428,15.7,,0.518,0.173,0.228,0.083,0.034,0.482,,0.492,0.707,0.36,0.422,0.462,0.359,,0.587,0.962,,0.021,14,,0.154,0.421,,2,0
68,Bruce Brown,PG-SG,27,TOT,67,1866,0.478,11.7,,0.718,0.244,0.285,0.148,0.041,0.282,,0.538,0.718,0.44,0.477,0.375,0.323,,0.618,0.925,,0.021,12,,0.39,0.344,,1,0
68,Bruce Brown,SG,27,IND,33,981,0.475,12.9,,0.678,0.207,0.264,0.162,0.045,0.322,,0.545,0.692,0.458,0.529,0.429,0.327,,0.552,0.909,,0.019,6,,0.436,0.386,,1,0
68,Bruce Brown,PG,27,TOR,34,885,0.481,10.3,,0.765,0.287,0.31,0.131,0.037,0.235,,0.532,0.74,0.422,0.4,0.3,0.317,,0.688,0.95,,0.022,6,,0.317,0.25,,0,0
69,Charlie Brown Jr.,SG,26,NYK,8,37,0.2,19,,0.3,0.1,0.2,0,0,0.7,,0,0,0,,,0.286,,,1,,0,0,,0.286,0.5,,0,0
70,Greg Brown III,PF,22,DAL,6,40,0.455,8.5,,0.727,0.636,0.091,0,0,0.273,,0.5,0.571,0,,,0.333,,0.75,1,,0.273,2,,0,,,0,0
71,Jaylen Brown,SF,27,BOS,70,2343,0.499,13,,0.674,0.247,0.237,0.119,0.07,0.326,,0.57,0.723,0.487,0.52,0.398,0.354,,0.429,0.634,,0.075,76,,0.205,0.381,,0,0
72,Kendall Brown,SG,20,IND,15,63,0.533,7,,0.867,0.4,0.333,0.133,0,0.133,,0.615,0.667,0.8,0,,0,,0.75,,,0.2,3,,0.5,0,,0,0
73,Kobe Brown,PF,24,LAC,44,394,0.411,15.5,,0.467,0.289,0.111,0.056,0.011,0.533,,0.548,0.654,0.4,0.2,1,0.292,,0.652,1,,0.078,7,,0.292,0.214,,0,0
74,Moses Brown,C,24,POR,22,200,0.508,3.3,,1,0.492,0.462,0.031,0.015,0,,0.508,0.656,0.4,0,0,,,0.697,,,0.262,15,,,,,0,0
75,Troy Brown Jr.,SF,24,TOT,59,827,0.372,18.8,,0.376,0.128,0.142,0.031,0.075,0.624,,0.435,0.586,0.25,0.429,0.529,0.333,,0.459,0.915,,0.018,3,,0.312,0.295,,2,0
75,Troy Brown Jr.,SF,24,MIN,37,410,0.441,19.9,,0.288,0.136,0.076,0.042,0.034,0.712,,0.618,0.75,0.333,0.6,0.75,0.369,,0.476,0.871,,0,0,,0.321,0.37,,1,0
75,Troy Brown Jr.,SF,24,DET,22,417,0.296,17.6,,0.472,0.12,0.213,0.019,0.12,0.528,,0.314,0.385,0.217,0,0.462,0.281,,0.438,1,,0.037,3,,0.298,0.176,,1,0
76,Jalen Brunson,PG,27,NYK,77,2726,0.479,14.3,,0.681,0.127,0.275,0.189,0.09,0.319,,0.516,0.636,0.519,0.474,0.426,0.401,,0.23,0.583,,0.002,3,,0.131,0.464,,1,0
77,Thomas Bryant,C,26,MIA,38,441,0.577,7.5,,0.852,0.43,0.315,0.06,0.047,0.148,,0.646,0.766,0.596,0.444,0.143,0.182,,0.695,1,,0.248,34,,0.273,0.333,,0,0
78,Kobe Bufkin,SG,20,ATL,17,196,0.37,17.5,,0.565,0.098,0.141,0.163,0.163,0.435,,0.481,0.556,0.462,0.467,0.467,0.225,,0.32,0.667,,0,0,,0.25,0.1,,0,0
79,Reggie Bullock,SF,32,HOU,44,417,0.415,22.1,,0.183,0.049,0.037,0.049,0.049,0.817,,0.467,1,0.333,0.25,0.25,0.403,,1,0.963,,0,0,,0.433,0.552,,0,0
80,Alec Burks,SG,32,TOT,66,1212,0.369,18.6,,0.42,0.086,0.132,0.125,0.077,0.58,,0.36,0.469,0.307,0.38,0.295,0.376,,0.5,0.782,,0,0,,0.282,0.366,,0,0
80,Alec Burks,SG,32,DET,43,901,0.394,19.2,,0.392,0.069,0.135,0.101,0.086,0.608,,0.384,0.536,0.273,0.463,0.343,0.401,,0.541,0.788,,0,0,,0.279,0.391,,0,0
80,Alec Burks,SG,32,NYK,23,311,0.307,17.1,,0.491,0.129,0.123,0.184,0.055,0.509,,0.313,0.381,0.4,0.267,0.111,0.301,,0.4,0.76,,0,0,,0.289,0.292,,0,0
81,Jared Butler,SG,23,WAS,40,566,0.488,13.9,,0.612,0.214,0.328,0.05,0.02,0.388,,0.602,0.86,0.424,0.7,0.5,0.308,,0.365,0.667,,0.01,2,,0.154,0.5,,3,0
82,Jimmy Butler,PF,34,MIA,60,2042,0.499,9.7,,0.817,0.267,0.356,0.139,0.055,0.183,,0.519,0.679,0.465,0.391,0.409,0.414,,0.452,0.8,,0.057,41,,0.483,0.443,,0,0
83,Jamal Cain,PF,24,MIA,26,259,0.43,13.2,,0.608,0.215,0.253,0.101,0.038,0.392,,0.479,0.647,0.35,0.375,0.667,0.355,,0.652,0.727,,0.076,5,,0.581,0.278,,0,0
84,Kentavious Caldwell-Pope,SG,30,DEN,76,2402,0.46,17.2,,0.475,0.177,0.085,0.089,0.124,0.525,,0.52,0.615,0.44,0.423,0.507,0.406,,0.745,0.944,,0.02,12,,0.373,0.426,,0,0
85,Toumani Camara,PF,23,POR,70,1739,0.45,11.6,,0.607,0.352,0.224,0.023,0.009,0.393,,0.523,0.643,0.367,0.3,0.25,0.337,,0.504,1,,0.068,24,,0.448,0.351,,0,0
86,Clint Capela,C,29,ATL,73,1883,0.571,2.5,,0.998,0.693,0.291,0.011,0.003,0.002,,0.572,0.636,0.433,0.429,0,0,,0.68,,,0.252,144,,0,,,1,0
87,Jevon Carter,PG,28,CHI,72,1004,0.378,20.4,,0.359,0.041,0.088,0.134,0.096,0.641,,0.466,0.333,0.438,0.469,0.543,0.329,,0.689,0.87,,0,0,,0.252,0.39,,1,0
88,Wendell Carter Jr.,C,24,ORL,55,1406,0.525,12.6,,0.598,0.332,0.191,0.059,0.016,0.402,,0.626,0.809,0.395,0.44,0.286,0.374,,0.736,0.984,,0.186,71,,0.415,0.338,,0,0
89,D.J. Carton,SG,23,TOR,4,36,0.375,14.4,,0.5,0.25,0.25,0,0,0.5,,0.5,0.5,0.5,,,0.25,,0.5,1,,0,0,,0.75,0.333,,0,0
90,Alex Caruso,SG,29,CHI,71,2040,0.468,17.1,,0.384,0.216,0.115,0.022,0.031,0.616,,0.563,0.675,0.387,0.667,0.353,0.408,,0.436,0.89,,0.031,15,,0.363,0.397,,0,0
91,Colin Castleton,C,23,LAL,16,59,0.563,3.6,,1,0.5,0.438,0.063,0,0,,0.563,0.625,0.429,1,,,,0.667,,,0.188,3,,,,,0,0
92,Malcolm Cazalon,SG,22,DET,1,3,,,,,,,,,,,,,,,,,,,,,,0,,,,,0,0
93,Julian Champagnie,SF,22,SAS,74,1468,0.408,18.4,,0.311,0.194,0.09,0.012,0.015,0.689,,0.504,0.641,0.306,0,0.333,0.365,,0.857,0.98,,0.067,19,,0.329,0.363,,0,0
94,Justin Champagnie,SF,22,WAS,15,235,0.41,16,,0.423,0.295,0.115,0,0.013,0.577,,0.576,0.739,0.222,,0,0.289,,0.737,1,,0.038,3,,0.444,0.25,,1,1
95,Max Christie,SG,20,LAL,67,944,0.427,16.3,,0.51,0.166,0.158,0.124,0.062,0.49,,0.496,0.6,0.342,0.533,0.533,0.356,,0.639,0.976,,0.075,16,,0.415,0.449,,1,0
96,Sidy Cissoko,SF,19,SAS,12,141,0.485,10.4,,0.636,0.424,0.212,0,0,0.364,,0.714,0.857,0.429,,,0.083,,0.8,1,,0.333,10,,0.5,0.167,,0,0
97,Brandon Clarke,PF,27,MEM,6,134,0.559,9.2,,0.898,0.254,0.373,0.186,0.085,0.102,,0.604,0.6,0.682,0.545,0.4,0.167,,0.781,1,,0.034,2,,0.667,0.25,,0,0
98,Jordan Clarkson,SG,31,UTA,55,1682,0.413,14.9,,0.621,0.113,0.339,0.125,0.044,0.379,,0.485,0.598,0.473,0.412,0.5,0.294,,0.37,0.703,,0.017,13,,0.133,0.415,,8,0
99,Nic Claxton,C,24,BRK,71,2116,0.629,3.6,,0.991,0.596,0.337,0.05,0.009,0.009,,0.633,0.769,0.434,0.345,0.6,0.2,,0.729,1,,0.328,172,,0.8,0.25,,0,0
100,Noah Clowney,PF,19,BRK,23,370,0.538,10.5,,0.645,0.419,0.215,0.011,0,0.355,,0.633,0.795,0.3,1,,0.364,,0.763,1,,0.118,11,,0.606,0.45,,0,0
101,Amir Coffey,SF,26,LAC,70,1460,0.472,16.6,,0.477,0.151,0.159,0.128,0.04,0.523,,0.571,0.774,0.5,0.489,0.357,0.38,,0.771,0.971,,0.023,7,,0.5,0.424,,3,0
102,John Collins,PF,26,UTA,68,1901,0.532,11,,0.689,0.303,0.304,0.043,0.039,0.311,,0.605,0.783,0.493,0.438,0.276,0.371,,0.73,0.988,,0.15,106,,0.431,0.37,,0,0
103,Zach Collins,C,26,SAS,69,1526,0.484,11.5,,0.706,0.266,0.313,0.088,0.039,0.294,,0.552,0.726,0.472,0.463,0.208,0.32,,0.713,1,,0.042,25,,0.099,0.333,,0,0
104,Mike Conley,PG,36,MIN,76,2193,0.457,18.8,,0.371,0.084,0.161,0.09,0.036,0.629,,0.481,0.648,0.49,0.362,0.348,0.442,,0.461,0.804,,0,0,,0.225,0.484,,0,0
105,Pat Connaughton,SF,31,MIL,76,1676,0.435,18.2,,0.314,0.205,0.104,0.003,0.003,0.686,,0.633,0.789,0.333,0,1,0.345,,0.667,0.963,,0.017,3,,0.403,0.406,,0,0
106,Bilal Coulibaly,SF,19,WAS,63,1715,0.435,13.2,,0.572,0.313,0.188,0.035,0.037,0.428,,0.502,0.667,0.346,0.133,0.25,0.346,,0.621,0.953,,0.134,51,,0.481,0.393,,0,0
107,Ricky Council IV,SG,22,PHI,32,289,0.482,10.6,,0.714,0.321,0.33,0.036,0.027,0.286,,0.525,0.639,0.405,0.5,0.667,0.375,,0.667,1,,0.08,8,,0.313,0.4,,0,0
108,Robert Covington,SF-PF,33,TOT,29,488,0.439,16.4,,0.429,0.245,0.143,0.031,0.01,0.571,,0.571,0.625,0.571,0.333,0,0.339,,0.75,1,,0.031,3,,0.268,0.467,,0,0
108,Robert Covington,PF,33,LAC,3,69,0.333,22.2,,0.111,0.111,0,0,0,0.889,,1,1,,,,0.25,,1,1,,0.111,1,,0.375,0.333,,0,0
108,Robert Covington,SF,33,PHI,26,419,0.449,15.8,,0.461,0.258,0.157,0.034,0.011,0.539,,0.561,0.609,0.571,0.333,0,0.354,,0.739,1,,0.022,2,,0.25,0.5,,0,0
109,Torrey Craig,SF,33,CHI,53,1049,0.43,16.8,,0.39,0.219,0.124,0.02,0.028,0.61,,0.49,0.582,0.419,0.2,0.286,0.392,,0.583,0.967,,0.02,3,,0.451,0.362,,0,0
110,Jae Crowder,PF,33,MIL,50,1156,0.422,18.6,,0.385,0.104,0.148,0.059,0.074,0.615,,0.538,0.714,0.475,0.5,0.45,0.349,,0.893,0.966,,0,0,,0.452,0.4,,1,0
111,Jalen Crutcher,PG,24,NOP,1,3,0,4.5,,1,0,1,0,0,0,,0,,0,,,,,,,,0,0,,,,,0,0
112,Cade Cunningham,PG,22,DET,62,2074,0.449,13.5,,0.713,0.177,0.275,0.154,0.106,0.287,,0.487,0.618,0.402,0.528,0.427,0.355,,0.262,0.706,,0.022,23,,0.116,0.359,,5,0
113,Seth Curry,SG,33,TOT,44,616,0.392,19.6,,0.471,0.059,0.103,0.074,0.235,0.529,,0.438,0.833,0.524,0.133,0.396,0.352,,0.5,0.868,,0,0,,0.324,0.457,,1,0
113,Seth Curry,SG,33,DAL,36,457,0.372,19.9,,0.448,0.062,0.076,0.069,0.241,0.552,,0.385,0.778,0.455,0,0.371,0.363,,0.48,0.862,,0,0,,0.35,0.429,,0,0
113,Seth Curry,SG,33,CHO,8,159,0.441,19.1,,0.525,0.051,0.169,0.085,0.22,0.475,,0.548,1,0.6,0.4,0.462,0.321,,0.529,0.889,,0,0,,0.25,0.571,,1,0
114,Stephen Curry,PG,35,GSW,74,2421,0.45,19.8,,0.394,0.074,0.173,0.065,0.082,0.606,,0.515,0.692,0.508,0.426,0.441,0.408,,0.399,0.611,,0,0,,0.08,0.557,,2,0
115,Dyson Daniels,PG,20,NOP,61,1358,0.447,14.2,,0.566,0.238,0.232,0.09,0.006,0.434,,0.551,0.635,0.528,0.393,0.5,0.311,,0.526,1,,0.055,13,,0.363,0.408,,4,0
116,Anthony Davis,C,30,LAL,76,2700,0.556,8,,0.917,0.369,0.309,0.15,0.09,0.083,,0.582,0.774,0.487,0.432,0.365,0.271,,0.67,0.966,,0.162,196,,0.15,0.125,,0,0
117,Johnny Davis,SG,21,WAS,50,613,0.403,11,,0.74,0.292,0.273,0.13,0.045,0.26,,0.421,0.644,0.333,0.25,0,0.35,,0.604,1,,0.045,7,,0.45,0.389,,1,0
118,JD Davison,SG,21,BOS,8,39,0.417,19.2,,0.417,0.083,0.167,0,0.167,0.583,,0.4,1,0,,0.5,0.429,,1,1,,0,0,,0.143,0,,0,0
119,Dexter Dennis,SG,24,DAL,4,30,0.526,14.3,,0.579,0.316,0.053,0.105,0.105,0.421,,0.818,1,1,0.5,0.5,0.125,,0.444,1,,0.053,1,,0,,,0,0
120,DeMar DeRozan,SF,34,CHI,79,2989,0.48,13.2,,0.834,0.182,0.172,0.25,0.23,0.166,,0.509,0.684,0.494,0.49,0.402,0.333,,0.282,0.853,,0.019,18,,0.316,0.394,,1,0
121,Moussa Diabaté,C,22,LAC,11,64,0.526,3.2,,1,0.579,0.368,0.053,0,0,,0.526,0.727,0.286,0,,,,0.5,,,0.316,4,,,,,0,0
122,Mamadi Diakite,PF,27,TOT,6,24,0.667,7.8,,0.833,0.5,0.333,0,0,0.167,,0.8,0.667,1,,,0,,1,,,0.167,1,,0,,,0,0
122,Mamadi Diakite,PF,27,SAS,3,16,0.8,4.2,,1,0.6,0.4,0,0,0,,0.8,0.667,1,,,,,1,,,0.2,1,,,,,0,0
122,Mamadi Diakite,PF,27,NYK,3,8,0,25.9,,0,0,0,0,0,1,,,,,,,0,,,,,0,0,,0,,,0,0
123,Hamidou Diallo,SG,25,WAS,2,5,0.5,0.1,,1,1,0,0,0,0,,0.5,0.5,,,,,,0,,,0,0,,,,,0,0
124,Gradey Dick,SG,20,TOR,60,1268,0.425,17.2,,0.458,0.18,0.13,0.072,0.076,0.542,,0.495,0.638,0.431,0.344,0.412,0.365,,0.842,0.977,,0.034,13,,0.378,0.462,,3,0
125,Ousmane Dieng,PF,20,OKC,33,365,0.422,17.5,,0.397,0.19,0.129,0.043,0.034,0.603,,0.609,0.818,0.333,0.4,0.75,0.3,,0.857,1,,0.112,13,,0.314,0.5,,0,0
126,Spencer Dinwiddie,PG,30,TOT,76,2152,0.392,17.4,,0.425,0.127,0.213,0.063,0.023,0.575,,0.467,0.642,0.426,0.325,0.267,0.337,,0.157,0.782,,0.017,8,,0.25,0.511,,2,0
126,Spencer Dinwiddie,PG,30,BRK,48,1474,0.391,17,,0.443,0.14,0.222,0.06,0.02,0.557,,0.48,0.643,0.441,0.333,0.2,0.32,,0.16,0.719,,0.016,5,,0.212,0.458,,2,0
126,Spencer Dinwiddie,PG,30,LAL,28,678,0.397,18.8,,0.362,0.078,0.177,0.071,0.035,0.638,,0.412,0.636,0.36,0.3,0.4,0.389,,0.143,0.943,,0.021,3,,0.367,0.606,,0,0
127,Donte DiVincenzo,SG,27,NYK,81,2360,0.443,19.2,,0.298,0.178,0.081,0.027,0.012,0.702,,0.542,0.603,0.407,0.556,0.5,0.401,,0.636,0.919,,0.025,20,,0.251,0.446,,3,1
128,Luka Dončić,PG,24,DAL,70,2624,0.487,16.9,,0.55,0.123,0.192,0.152,0.082,0.45,,0.573,0.838,0.569,0.442,0.422,0.382,,0.177,0.299,,0.001,2,,0.032,0.25,,5,0
129,Luguentz Dort,SF,24,OKC,79,2246,0.438,17.4,,0.397,0.212,0.096,0.05,0.04,0.603,,0.506,0.612,0.397,0.424,0.308,0.394,,0.636,0.994,,0.041,23,,0.278,0.409,,0,0
130,Ayo Dosunmu,SG,24,CHI,76,2212,0.501,13,,0.59,0.334,0.164,0.05,0.042,0.41,,0.568,0.654,0.466,0.361,0.533,0.403,,0.548,0.891,,0.019,13,,0.485,0.385,,1,0
131,Jeff Dowtin,PG,26,PHI,12,142,0.556,15.5,,0.472,0.306,0.083,0.083,0,0.528,,0.647,0.818,0,0.667,,0.474,,0.455,0.556,,0.028,1,,0.105,0.5,,0,0
132,Henri Drell,SF,23,CHI,4,30,0.4,16.5,,0.4,0.1,0.3,0,0,0.6,,0.5,1,0.333,,,0.333,,0,1,,0,0,,0.333,0.5,,0,0
133,Andre Drummond,C,30,CHI,79,1351,0.556,2.8,,0.994,0.713,0.26,0.021,0,0.006,,0.56,0.614,0.416,0.5,,0,,0.558,,,0.16,65,,0,,,3,0
134,Chris Duarte,SF,26,SAC,59,719,0.381,18.3,,0.395,0.152,0.119,0.067,0.057,0.605,,0.434,0.656,0.36,0.429,0,0.346,,0.667,0.886,,0.024,4,,0.346,0.386,,1,0
135,David Duke Jr.,SG,24,SAS,4,51,0.556,12.6,,0.667,0.333,0.167,0.056,0.111,0.333,,0.583,0.833,0.333,0,0.5,0.5,,0.714,1,,0,0,,0.333,0.5,,0,0
136,Kris Dunn,PG,29,UTA,66,1249,0.47,12.6,,0.645,0.163,0.419,0.058,0.006,0.355,,0.525,0.686,0.481,0.389,0.5,0.369,,0.274,0.951,,0.054,17,,0.351,0.41,,1,0
137,Kevin Durant,PF,35,PHO,75,2791,0.523,15,,0.717,0.125,0.153,0.279,0.16,0.283,,0.567,0.827,0.53,0.491,0.53,0.413,,0.511,0.815,,0.054,75,,0.165,0.463,,0,0
138,Jalen Duren,C,20,DET,61,1777,0.619,3.9,,0.993,0.521,0.397,0.055,0.02,0.007,,0.623,0.741,0.536,0.29,0.182,0,,0.676,,,0.296,156,,0,,,0,0
139,Tari Eason,PF,22,HOU,22,480,0.466,9.9,,0.735,0.434,0.185,0.069,0.048,0.265,,0.504,0.561,0.371,0.462,0.556,0.36,,0.471,1,,0.122,20,,0.3,0.267,,0,0
140,Anthony Edwards,SG,22,MIN,79,2770,0.461,14.1,,0.659,0.228,0.192,0.125,0.114,0.341,,0.515,0.707,0.438,0.446,0.333,0.357,,0.331,0.558,,0.051,67,,0.086,0.348,,5,0
141,Kessler Edwards,SF,23,SAC,54,275,0.415,18.3,,0.366,0.171,0.122,0.012,0.061,0.634,,0.467,0.643,0.3,0,0.4,0.385,,0.643,1,,0.037,2,,0.423,0.409,,0,0
142,Keon Ellis,SG,24,SAC,57,978,0.461,20.5,,0.276,0.103,0.095,0.034,0.043,0.724,,0.578,0.667,0.591,0.625,0.3,0.417,,0.649,0.943,,0.03,7,,0.298,0.36,,1,0
143,Joel Embiid,C,29,PHI,39,1309,0.529,12.3,,0.837,0.224,0.189,0.243,0.18,0.163,,0.556,0.749,0.472,0.473,0.516,0.388,,0.533,0.833,,0.026,19,,0.05,0.571,,2,0
144,Drew Eubanks,C,26,PHO,75,1169,0.601,4.3,,0.988,0.506,0.403,0.055,0.024,0.012,,0.596,0.742,0.49,0.286,0,1,,0.805,1,,0.336,66,,1,1,,0,0
145,Tosan Evbuomwan,SF,22,TOT,17,367,0.507,12.7,,0.549,0.254,0.296,0,0,0.451,,0.615,0.722,0.524,,,0.375,,0.833,1,,0.014,1,,0.719,0.435,,0,0
145,Tosan Evbuomwan,SF,22,MEM,4,74,0.267,14.2,,0.467,0.067,0.4,0,0,0.533,,0.286,1,0.167,,,0.25,,1,1,,0,0,,0.75,0.333,,0,0
145,Tosan Evbuomwan,SF,22,DET,13,293,0.571,12.2,,0.571,0.304,0.268,0,0,0.429,,0.688,0.706,0.667,,,0.417,,0.818,1,,0.018,1,,0.708,0.471,,0,0
146,Dante Exum,PG,28,DAL,55,1088,0.533,11.9,,0.642,0.328,0.238,0.053,0.023,0.358,,0.557,0.697,0.375,0.688,0.143,0.491,,0.528,0.981,,0.056,14,,0.426,0.457,,2,0
147,Bruno Fernando,C,25,ATL,45,682,0.583,3.7,,0.979,0.567,0.369,0.037,0.005,0.021,,0.596,0.755,0.391,0.286,0,0,,0.817,,,0.219,38,,0,,,0,0
148,Dorian Finney-Smith,PF,30,BRK,68,1934,0.421,17.6,,0.342,0.225,0.096,0.012,0.01,0.658,,0.56,0.687,0.306,0.667,0,0.348,,0.745,0.974,,0.057,24,,0.348,0.35,,2,0
149,Adam Flagler,SG,24,OKC,2,14,0.143,24.2,,0.143,0,0,0.143,0,0.857,,0,,,0,,0.167,,,0,,0,0,,0,,,0,0
150,Malachi Flynn,PG,25,TOT,69,876,0.418,17,,0.48,0.163,0.151,0.098,0.068,0.52,,0.513,0.623,0.408,0.469,0.545,0.331,,0.275,0.714,,0,0,,0.148,0.44,,0,0
150,Malachi Flynn,PG,25,TOR,31,474,0.409,17.4,,0.416,0.182,0.139,0.066,0.029,0.584,,0.491,0.52,0.474,0.556,0.25,0.35,,0.429,0.929,,0,0,,0.2,0.438,,0,0
150,Malachi Flynn,PG,25,NYK,14,60,0.391,17.6,,0.435,0.217,0.043,0.043,0.13,0.565,,0.5,0.8,0,1,0,0.308,,0.4,0.5,,0,0,,0.077,1,,0,0
150,Malachi Flynn,PG,25,DET,24,342,0.43,16.5,,0.539,0.139,0.176,0.133,0.091,0.461,,0.528,0.696,0.379,0.409,0.733,0.316,,0.17,0.5,,0,0,,0.105,0.375,,0,0
151,Simone Fontecchio,SF,28,TOT,66,1644,0.46,17,,0.391,0.17,0.177,0.033,0.011,0.609,,0.551,0.656,0.474,0.389,0.667,0.401,,0.729,0.978,,0.049,21,,0.434,0.428,,0,0
151,Simone Fontecchio,SF,28,UTA,50,1160,0.45,17.7,,0.349,0.165,0.156,0.022,0.006,0.651,,0.56,0.61,0.518,0.375,1,0.391,,0.7,0.989,,0.053,15,,0.451,0.39,,0,0
151,Simone Fontecchio,SF,28,DET,16,484,0.479,15.8,,0.468,0.179,0.216,0.053,0.021,0.532,,0.539,0.735,0.415,0.4,0.5,0.426,,0.771,0.953,,0.042,6,,0.396,0.525,,0,0
152,Jordan Ford,PG,25,SAC,6,22,0.571,18.2,,0.571,0.143,0,0.286,0.143,0.429,,0.5,1,,0.5,0,0.667,,0,0.5,,0,0,,0.333,1,,0,0
153,Trent Forrest,SG,25,ATL,38,414,0.378,8.4,,0.889,0.244,0.467,0.178,0,0.111,,0.4,0.591,0.238,0.563,,0.2,,0.281,1,,0.011,1,,0.4,0,,0,0
154,Evan Fournier,SG,31,TOT,32,580,0.357,18.9,,0.412,0.072,0.158,0.104,0.077,0.588,,0.505,0.563,0.486,0.652,0.294,0.254,,0.609,0.848,,0,0,,0.3,0.231,,0,0
154,Evan Fournier,SG,31,NYK,3,39,0.2,21.5,,0.25,0.05,0.05,0.1,0.05,0.75,,0.4,1,0,0.5,0,0.133,,0.5,1,,0,0,,0.267,0.5,,0,0
154,Evan Fournier,SG,31,DET,29,541,0.373,18.6,,0.428,0.075,0.169,0.104,0.08,0.572,,0.512,0.533,0.5,0.667,0.313,0.27,,0.614,0.839,,0,0,,0.304,0.2,,0,0
155,De'Aaron Fox,PG,26,SAC,74,2659,0.465,15,,0.626,0.134,0.248,0.172,0.072,0.374,,0.522,0.72,0.534,0.423,0.351,0.369,,0.198,0.626,,0.017,24,,0.134,0.436,,1,0
156,Javon Freeman-Liberty,PG,24,TOR,22,403,0.444,12.2,,0.661,0.306,0.234,0.089,0.032,0.339,,0.549,0.579,0.448,0.727,0.5,0.238,,0.467,1,,0.032,3,,0.262,0.364,,0,0
157,Alex Fudge,SF,20,TOT,6,40,0.4,12,,0.667,0.333,0.2,0.067,0.067,0.333,,0.5,0.6,0.333,1,0,0.2,,0.4,1,,0.2,2,,0.6,0.333,,0,0
157,Alex Fudge,SF,20,LAL,4,14,0.167,15.9,,0.667,0,0.333,0.167,0.167,0.333,,0.25,,0,1,0,0,,0,,,0,0,,0.5,0,,0,0
157,Alex Fudge,SF,20,DAL,2,26,0.556,9.4,,0.667,0.556,0.111,0,0,0.333,,0.667,0.6,1,,,0.333,,0.5,1,,0.333,2,,0.667,0.5,,0,0
158,Markelle Fultz,PG,25,ORL,43,910,0.472,7.4,,0.945,0.353,0.353,0.187,0.052,0.055,,0.487,0.626,0.435,0.361,0.353,0.222,,0.42,1,,0.043,11,,0.722,0.231,,1,0
159,Andrew Funk,SG,24,CHI,5,13,0,19,,0.25,0,0.25,0,0,0.75,,0,,0,,,0,,,,,0,0,,0.667,0,,0,0
160,Wenyen Gabriel,PF,26,MEM,5,81,0.364,8.6,,0.727,0.545,0.091,0.091,0,0.273,,0.438,0.5,0.5,0,,0.167,,0.714,1,,0.136,2,,0.5,0.333,,0,0
161,Daniel Gafford,C-PF,25,TOT,74,1815,0.725,2.8,,1,0.667,0.302,0.027,0.004,0,,0.725,0.813,0.566,0.385,0.5,,,0.761,,,0.392,177,,,,,0,0
161,Daniel Gafford,C,25,WAS,45,1192,0.69,3.2,,1,0.633,0.32,0.041,0.007,0,,0.69,0.774,0.564,0.417,0.5,,,0.729,,,0.347,94,,,,,0,0
161,Daniel Gafford,PF,25,DAL,29,623,0.78,2.2,,1,0.72,0.274,0.005,0,0,,0.78,0.866,0.569,0,,,,0.807,,,0.462,83,,,,,0,0
162,Danilo Gallinari,PF-SF,35,TOT,49,630,0.437,17.8,,0.511,0.142,0.116,0.153,0.1,0.489,,0.546,0.852,0.409,0.517,0.316,0.323,,0.528,0.867,,0.053,8,,0.097,0.556,,0,0
162,Danilo Gallinari,PF,35,WAS,26,385,0.435,18.3,,0.511,0.122,0.115,0.153,0.122,0.489,,0.552,0.875,0.4,0.55,0.375,0.313,,0.486,0.85,,0.046,5,,0.031,0.5,,0,0
162,Danilo Gallinari,SF,35,DET,6,90,0.545,17,,0.455,0.227,0.045,0.136,0.045,0.545,,0.5,0.6,1,0.333,0,0.583,,0.8,0.857,,0.045,0,,0.417,0.6,,0,0
162,Danilo Gallinari,SF,35,MIL,17,155,0.378,16.4,,0.541,0.162,0.162,0.162,0.054,0.459,,0.55,1,0.333,0.5,0,0.176,,0.545,1,,0.081,3,,0.118,0.5,,0,0
163,Darius Garland,PG,24,CLE,57,1901,0.446,15.7,,0.577,0.17,0.214,0.115,0.077,0.423,,0.501,0.643,0.406,0.505,0.446,0.371,,0.346,0.652,,0,0,,0.14,0.44,,0,0
164,Usman Garuba,PF,21,GSW,6,18,0.167,7.2,,0.833,0.333,0.5,0,0,0.167,,0.2,0.5,0,,,0,,0,,,0,0,,0,,,0,0
165,Luka Garza,C,25,MIN,25,122,0.48,13.6,,0.573,0.187,0.347,0.04,0,0.427,,0.628,0.714,0.538,1,,0.281,,0.556,1,,0.027,2,,0.031,0,,0,0
166,Kaiser Gates,SF,27,NOP,1,7,0,13.7,,0.5,0.5,0,0,0,0.5,,0,0,,,,0,,,,,0,0,,0,,,0,0
167,Keyonte George,PG,20,UTA,75,2023,0.391,17.9,,0.46,0.075,0.228,0.104,0.053,0.54,,0.459,0.689,0.425,0.447,0.302,0.334,,0.366,0.701,,0.015,12,,0.127,0.357,,3,0
168,Paul George,PF,33,LAC,74,2502,0.471,17.7,,0.524,0.128,0.125,0.122,0.15,0.476,,0.523,0.703,0.448,0.523,0.432,0.413,,0.448,0.733,,0.032,29,,0.138,0.457,,1,0
169,Taj Gibson,PF,38,TOT,20,204,0.405,10.6,,0.73,0.351,0.216,0.081,0.081,0.27,,0.481,0.462,0.25,1,0.667,0.2,,0.615,1,,0.054,1,,0.8,0.125,,0,0
169,Taj Gibson,PF,38,NYK,16,165,0.304,10.1,,0.739,0.391,0.217,0,0.13,0.261,,0.412,0.444,0.2,,0.667,0,,0.571,,,0.087,1,,1,0,,0,0
169,Taj Gibson,PF,38,DET,4,39,0.571,11.5,,0.714,0.286,0.214,0.214,0,0.286,,0.6,0.5,0.333,1,,0.5,,0.667,1,,0,0,,0.5,0.5,,0,0
170,Josh Giddey,SG,21,OKC,80,2011,0.475,10.9,,0.713,0.283,0.336,0.064,0.03,0.287,,0.53,0.671,0.425,0.519,0.4,0.337,,0.522,0.963,,0.006,4,,0.37,0.367,,0,0
171,Harry Giles,C,25,TOT,23,100,0.46,10.5,,0.72,0.36,0.26,0.06,0.04,0.28,,0.556,0.667,0.462,0.333,0.5,0.214,,0.7,1,,0.12,5,,0.357,0.2,,0,0
171,Harry Giles,C,25,BRK,16,81,0.5,9.8,,0.75,0.386,0.25,0.068,0.045,0.25,,0.576,0.647,0.545,0.333,0.5,0.273,,0.684,1,,0.136,5,,0.273,0.333,,0,0
171,Harry Giles,C,25,LAL,7,19,0.167,15.2,,0.5,0.167,0.333,0,0,0.5,,0.333,1,0,,,0,,1,,,0,0,,0.667,0,,0,0
172,Shai Gilgeous-Alexander,PG,25,OKC,75,2553,0.535,11.3,,0.819,0.252,0.224,0.26,0.083,0.181,,0.576,0.731,0.492,0.53,0.472,0.353,,0.223,0.368,,0.027,37,,0.059,0.5,,0,0
173,Anthony Gill,PF,31,WAS,50,466,0.469,9.5,,0.744,0.356,0.338,0.044,0.006,0.256,,0.546,0.667,0.426,0.429,1,0.244,,0.692,1,,0.038,5,,0.293,0.083,,0,0
174,Collin Gillespie,PG,24,DEN,24,225,0.464,17.9,,0.449,0.188,0.13,0.029,0.101,0.551,,0.548,0.538,0.556,1,0.429,0.395,,0.353,0.933,,0.014,1,,0.105,0.5,,0,0
175,Jacob Gilyard,PG,25,TOT,41,699,0.4,23.8,,0.16,0.027,0.04,0.013,0.08,0.84,,0.375,0.25,0.5,0,0.417,0.405,,0.111,0.824,,0,0,,0.238,0.5,,2,0
175,Jacob Gilyard,PG,25,MEM,37,654,0.417,23.5,,0.167,0.028,0.042,0.014,0.083,0.833,,0.375,0.25,0.5,0,0.417,0.425,,0.111,0.824,,0,0,,0.25,0.5,,1,0
175,Jacob Gilyard,PG,25,BRK,4,45,0,31.5,,0,0,0,0,0,1,,,,,,,0,,,,,0,0,,0,,,1,0
176,Rudy Gobert,C,31,MIN,76,2593,0.661,2.7,,0.995,0.757,0.195,0.029,0.013,0.005,,0.664,0.755,0.4,0.222,0.375,0,,0.685,,,0.441,248,,0,,,1,0
177,Jordan Goodwin,PG,25,TOT,57,1055,0.369,14,,0.631,0.215,0.204,0.136,0.076,0.369,,0.411,0.561,0.308,0.365,0.345,0.298,,0.293,0.857,,0.008,1,,0.248,0.343,,0,0
177,Jordan Goodwin,PG,25,PHO,40,558,0.389,14.8,,0.585,0.212,0.192,0.119,0.062,0.415,,0.46,0.659,0.351,0.348,0.333,0.288,,0.365,0.913,,0.005,0,,0.25,0.35,,0,0
177,Jordan Goodwin,PG,25,MEM,17,497,0.349,13.3,,0.677,0.217,0.217,0.153,0.09,0.323,,0.367,0.463,0.268,0.379,0.353,0.311,,0.213,0.789,,0.011,1,,0.246,0.333,,0,0
178,Aaron Gordon,PF,28,DEN,73,2297,0.556,7.4,,0.807,0.554,0.183,0.053,0.017,0.193,,0.619,0.738,0.382,0.263,0.417,0.29,,0.642,0.85,,0.256,171,,0.391,0.352,,1,0
179,Eric Gordon,SG,35,PHO,68,1893,0.443,18.4,,0.358,0.175,0.149,0.026,0.008,0.642,,0.561,0.731,0.391,0.5,0.2,0.378,,0.653,0.933,,0.002,1,,0.202,0.413,,1,0
180,Devonte' Graham,PG,28,SAS,23,313,0.352,21.9,,0.231,0.083,0.037,0.074,0.037,0.769,,0.52,0.667,0.5,0.375,0.5,0.301,,0.385,0.72,,0,0,,0.145,0.25,,1,0
181,Jerami Grant,PF,29,POR,54,1830,0.451,13.2,,0.675,0.214,0.255,0.096,0.109,0.325,,0.474,0.599,0.406,0.415,0.441,0.402,,0.445,0.973,,0.028,18,,0.333,0.467,,0,0
182,RaiQuan Gray,PF,24,SAS,3,39,0.588,12.8,,0.588,0.235,0.353,0,0,0.412,,0.7,0.75,0.667,,,0.429,,0.571,1,,0.059,1,,0.143,0,,0,0
183,A.J. Green,SG,24,MIL,56,614,0.423,24.1,,0.138,0.026,0.02,0.031,0.061,0.862,,0.519,1,0.25,0.333,0.5,0.408,,0.857,0.942,,0,0,,0.225,0.447,,0,0
184,Danny Green,SG,36,PHI,2,18,0,22.5,,0.5,0,0,0,0.5,0.5,,0,,,,0,0,,,,,0,0,,1,0,,0,0
185,Draymond Green,PF,33,GSW,55,1490,0.497,11.6,,0.653,0.293,0.296,0.056,0.008,0.347,,0.551,0.67,0.5,0.143,1,0.395,,0.769,0.941,,0.022,7,,0.31,0.425,,0,0
186,Jalen Green,SG,21,HOU,82,2601,0.423,15.8,,0.546,0.217,0.166,0.064,0.099,0.454,,0.498,0.692,0.344,0.353,0.424,0.332,,0.34,0.552,,0.042,48,,0.089,0.37,,3,0
187,Javonte Green,SF,30,CHI,9,230,0.6,10.2,,0.64,0.493,0.133,0.013,0,0.36,,0.729,0.73,0.7,1,,0.37,,0.686,1,,0.173,11,,0.63,0.353,,0,0
188,Jeff Green,PF,37,HOU,78,1307,0.456,14.5,,0.563,0.199,0.26,0.077,0.027,0.437,,0.553,0.767,0.453,0.5,0.1,0.331,,0.737,0.943,,0.068,20,,0.45,0.347,,4,0
189,Josh Green,SG,23,DAL,57,1505,0.479,14.5,,0.5,0.265,0.158,0.045,0.032,0.5,,0.572,0.768,0.339,0.294,0.5,0.385,,0.748,0.958,,0.091,31,,0.626,0.385,,0,0
190,AJ Griffin,SF,20,ATL,20,171,0.29,19.5,,0.371,0.048,0.194,0.065,0.065,0.629,,0.348,0.667,0.25,0.5,0.25,0.256,,0.75,0.8,,0.016,1,,0.205,0.25,,0,0
191,Quentin Grimes,SG,23,TOT,51,1025,0.372,19.5,,0.268,0.168,0.049,0.018,0.034,0.732,,0.466,0.582,0.375,0.167,0.182,0.338,,0.732,0.963,,0.021,4,,0.317,0.355,,0,0
191,Quentin Grimes,SG,23,NYK,45,910,0.395,19.6,,0.259,0.171,0.045,0.01,0.031,0.741,,0.486,0.592,0.385,0,0.222,0.363,,0.75,0.961,,0.014,1,,0.325,0.391,,0,0
191,Quentin Grimes,SG,23,DET,6,115,0.214,19.2,,0.333,0.143,0.071,0.071,0.048,0.667,,0.357,0.5,0.333,0.333,0,0.143,,0.6,1,,0.071,3,,0.25,0,,0,0
192,Mouhamadou Gueye,PF,25,TOR,11,120,0.289,6,,0.921,0.395,0.474,0.026,0.026,0.079,,0.314,0.467,0.222,0,0,0,,0.727,,,0.211,6,,0,,,0,0
193,Mouhamed Gueye,PF,21,ATL,6,73,0.348,11.6,,0.609,0.348,0.217,0.043,0,0.391,,0.357,0.5,0.2,0,,0.333,,1,1,,0.174,3,,0.444,0,,0,0
194,Rui Hachimura,PF,25,LAL,68,1826,0.537,12.6,,0.657,0.296,0.197,0.09,0.072,0.343,,0.597,0.81,0.398,0.525,0.367,0.422,,0.796,0.99,,0.127,77,,0.457,0.443,,0,0
195,Ashton Hagans,PG,24,POR,19,316,0.408,11.8,,0.648,0.254,0.338,0.056,0,0.352,,0.457,0.778,0.25,0.25,,0.32,,0.429,1,,0,0,,0.12,0.667,,0,0
196,Tyrese Haliburton,PG,23,IND,69,2224,0.477,17.6,,0.49,0.155,0.171,0.087,0.077,0.51,,0.595,0.66,0.592,0.56,0.506,0.364,,0.315,0.472,,0.026,27,,0.08,0.326,,4,0
197,R.J. Hampton,PG,22,MIA,8,76,0.286,17,,0.429,0.143,0.143,0.143,0,0.571,,0.5,0.5,0.5,0.5,,0.125,,0.333,1,,0,0,,0.375,0,,0,0
198,Tim Hardaway Jr.,SF,31,DAL,79,2120,0.402,19.7,,0.388,0.093,0.087,0.102,0.106,0.612,,0.478,0.725,0.365,0.45,0.379,0.353,,0.685,0.858,,0.016,15,,0.253,0.391,,3,0
199,James Harden,PG,34,LAC,72,2470,0.428,18.5,,0.406,0.144,0.137,0.099,0.027,0.594,,0.497,0.703,0.345,0.457,0.318,0.381,,0.157,0.462,,0.002,2,,0.076,0.378,,0,0
200,Jaden Hardy,SG,21,DAL,73,989,0.407,16.4,,0.532,0.184,0.134,0.129,0.086,0.468,,0.447,0.568,0.344,0.435,0.366,0.362,,0.404,0.84,,0.023,9,,0.254,0.351,,4,0
201,Ron Harper Jr.,PF,23,TOR,1,4,,,,,,,,,,,,,,,,,,,,,,0,,,,,0,0
202,Gary Harris,SG,29,ORL,54,1297,0.441,19.4,,0.31,0.118,0.121,0.037,0.034,0.69,,0.598,0.686,0.556,0.636,0.4,0.371,,0.727,0.974,,0.02,4,,0.429,0.409,,1,0
203,Joe Harris,SG,32,DET,16,170,0.359,20.3,,0.231,0.103,0.128,0,0,0.769,,0.444,0.5,0.4,,,0.333,,1,1,,0,0,,0.467,0.5,,0,0
204,Kevon Harris,SG,26,ORL,2,6,0.667,11.5,,1,0.333,0,0.333,0.333,0,,0.667,1,,0,1,,,0.5,,,0,0,,,,,0,0
205,Tobias Harris,PF,31,PHI,70,2368,0.487,11.9,,0.729,0.268,0.251,0.14,0.069,0.271,,0.537,0.686,0.431,0.511,0.394,0.353,,0.444,0.956,,0.043,39,,0.26,0.403,,0,0
206,Shaquille Harrison,SG,30,MEM,3,6,0.5,1.1,,1,1,0,0,0,0,,0.5,0.5,,,,,,1,,,0,0,,,,,0,0
207,Josh Hart,SF,28,NYK,81,2707,0.434,12.8,,0.62,0.321,0.169,0.1,0.029,0.38,,0.511,0.661,0.339,0.382,0.3,0.31,,0.633,0.888,,0.016,10,,0.24,0.339,,1,0
208,Isaiah Hartenstein,C,25,NYK,75,1896,0.644,3.5,,0.992,0.641,0.26,0.085,0.005,0.008,,0.646,0.709,0.568,0.387,1,0.333,,0.654,1,,0.258,86,,0,,,0,0
209,Sam Hauser,SF,26,BOS,79,1741,0.446,22.7,,0.167,0.072,0.048,0.027,0.02,0.833,,0.559,0.675,0.407,0.467,0.636,0.424,,0.731,0.975,,0.016,9,,0.241,0.518,,2,0
210,Jordan Hawkins,SG,21,NOP,67,1160,0.382,20.3,,0.346,0.083,0.081,0.075,0.107,0.654,,0.411,0.526,0.351,0.353,0.408,0.366,,0.738,0.991,,0.024,7,,0.245,0.466,,2,0
211,Jaxson Hayes,C,23,LAL,70,877,0.72,4,,0.954,0.68,0.263,0,0.011,0.046,,0.754,0.857,0.5,,0.5,0,,0.849,,,0.469,75,,0.125,0,,1,0
212,Killian Hayes,PG,22,DET,42,1008,0.413,14.7,,0.739,0.06,0.226,0.343,0.11,0.261,,0.455,0.706,0.469,0.423,0.387,0.297,,0.484,0.864,,0.018,5,,0.284,0.381,,0,0
213,Gordon Hayward,SF,33,TOT,51,1245,0.464,12.2,,0.777,0.236,0.238,0.176,0.127,0.223,,0.479,0.674,0.406,0.451,0.294,0.411,,0.607,0.946,,0.052,19,,0.311,0.429,,0,0
213,Gordon Hayward,SF,33,CHO,25,798,0.468,12.3,,0.795,0.209,0.249,0.202,0.135,0.205,,0.496,0.742,0.432,0.467,0.275,0.361,,0.556,0.955,,0.051,14,,0.279,0.412,,0,0
213,Gordon Hayward,SF,33,OKC,26,447,0.453,11.9,,0.726,0.311,0.208,0.104,0.104,0.274,,0.429,0.545,0.318,0.364,0.364,0.517,,0.788,0.933,,0.057,5,,0.379,0.455,,0,0
214,Scoot Henderson,PG,19,POR,62,1765,0.385,14,,0.664,0.237,0.177,0.167,0.083,0.336,,0.416,0.503,0.312,0.451,0.318,0.325,,0.277,0.598,,0.024,14,,0.123,0.333,,4,0
215,Taylor Hendricks,PF,20,UTA,40,856,0.45,16.5,,0.417,0.158,0.196,0.038,0.025,0.583,,0.55,0.737,0.447,0.667,0,0.379,,0.545,1,,0.092,20,,0.514,0.458,,0,0
216,Tyler Herro,SG,24,MIA,42,1407,0.441,17,,0.547,0.086,0.197,0.166,0.098,0.453,,0.478,0.587,0.49,0.467,0.375,0.396,,0.417,0.811,,0.008,4,,0.12,0.475,,1,0
217,Buddy Hield,SF-SG,31,TOT,84,2160,0.436,19.2,,0.332,0.161,0.098,0.031,0.042,0.668,,0.539,0.657,0.446,0.346,0.444,0.386,,0.671,0.918,,0.008,6,,0.178,0.436,,0,0
217,Buddy Hield,SF,31,IND,52,1336,0.443,19.4,,0.309,0.164,0.097,0.017,0.031,0.691,,0.575,0.635,0.54,0.333,0.5,0.384,,0.717,0.912,,0.012,5,,0.162,0.379,,0,0
217,Buddy Hield,SG,31,PHI,32,824,0.426,18.9,,0.366,0.156,0.099,0.051,0.06,0.634,,0.492,0.692,0.303,0.353,0.4,0.389,,0.6,0.927,,0.003,1,,0.204,0.512,,0,0
218,Haywood Highsmith,PF,27,MIA,66,1366,0.465,16.6,,0.416,0.191,0.179,0.027,0.018,0.584,,0.562,0.667,0.475,0.667,0.167,0.396,,0.636,0.987,,0.055,16,,0.417,0.438,,0,0
219,Nate Hinton,SG,24,HOU,15,75,0.423,16,,0.462,0.269,0.115,0,0.077,0.538,,0.333,0.429,0.333,,0,0.5,,0.25,0.714,,0,0,,0.143,0,,0,0
220,D'Moi Hodge,SG,25,LAL,7,41,0.333,21.8,,0.2,0.133,0,0,0.067,0.8,,0.667,0.5,,,1,0.25,,1,1,,0,0,,0.25,0.333,,0,0
221,Aaron Holiday,PG,27,HOU,78,1269,0.446,17.3,,0.48,0.122,0.17,0.139,0.048,0.52,,0.51,0.647,0.437,0.534,0.35,0.387,,0.255,0.81,,0.005,2,,0.212,0.478,,1,0
222,Jrue Holiday,PG,33,BOS,69,2263,0.48,15.7,,0.533,0.163,0.219,0.099,0.052,0.467,,0.526,0.688,0.49,0.397,0.417,0.429,,0.461,0.754,,0.01,5,,0.261,0.619,,1,0
223,Justin Holiday,SG,34,DEN,58,862,0.454,19.9,,0.299,0.134,0.031,0.021,0.113,0.701,,0.569,0.692,0.333,0.75,0.455,0.404,,0.788,0.964,,0.057,10,,0.485,0.5,,0,0
224,Richaun Holmes,C-PF,30,TOT,40,555,0.558,3.9,,0.98,0.578,0.361,0.041,0,0.02,,0.563,0.694,0.396,0.167,,0.333,,0.716,1,,0.204,28,,0.667,0.5,,0,0
224,Richaun Holmes,C,30,DAL,23,237,0.559,3.1,,1,0.678,0.305,0.017,0,0,,0.559,0.675,0.333,0,,,,0.606,,,0.169,10,,,,,0,0
224,Richaun Holmes,PF,30,WAS,17,318,0.557,4.4,,0.966,0.511,0.398,0.057,0,0.034,,0.565,0.711,0.429,0.2,,0.333,,0.792,1,,0.227,18,,0.667,0.5,,0,0
225,Chet Holmgren,C,21,OKC,82,2413,0.53,12.8,,0.634,0.296,0.208,0.093,0.037,0.366,,0.623,0.77,0.535,0.461,0.343,0.37,,0.652,0.977,,0.156,137,,0.106,0.324,,2,0
226,Jalen Hood-Schifino,SG,20,LAL,21,109,0.222,16.1,,0.667,0.111,0.222,0.089,0.244,0.333,,0.267,0.6,0.1,0.25,0.273,0.133,,0.625,1,,0.022,1,,0.067,0,,0,0
227,Al Horford,C,37,BOS,65,1740,0.511,17.2,,0.384,0.184,0.155,0.024,0.021,0.616,,0.658,0.818,0.523,0.6,0.333,0.419,,0.726,1,,0.045,18,,0.384,0.424,,0,0
228,Talen Horton-Tucker,PG,23,UTA,51,1009,0.396,13.8,,0.609,0.187,0.312,0.082,0.028,0.391,,0.438,0.621,0.407,0.237,0.154,0.33,,0.242,0.8,,0.037,12,,0.203,0.351,,2,0
229,Danuel House Jr.,SF,30,PHI,34,509,0.448,14.5,,0.524,0.343,0.124,0.019,0.038,0.476,,0.582,0.694,0.308,1,0.25,0.3,,0.719,0.933,,0.038,4,,0.48,0.375,,2,0
230,Caleb Houstan,SF,21,ORL,59,815,0.388,23.9,,0.063,0.019,0.019,0.015,0.01,0.937,,0.615,0.5,0.75,1,0,0.373,,0.5,0.986,,0,0,,0.378,0.397,,0,0
231,Jett Howard,SF,20,ORL,18,67,0.333,23.7,,0.167,0.033,0.067,0.033,0.033,0.833,,0.6,0,1,1,0,0.28,,1,0.714,,0,0,,0.08,0,,0,0
232,Kevin Huerter,SG,25,SAC,64,1562,0.443,18.2,,0.391,0.146,0.152,0.075,0.018,0.609,,0.571,0.732,0.553,0.381,0.2,0.361,,0.808,0.951,,0.02,9,,0.173,0.424,,0,0
233,Jay Huff,C,25,DEN,20,49,0.6,16.8,,0.4,0.267,0.133,0,0,0.6,,1,1,1,,,0.333,,1,1,,0.067,1,,0,,,0,0
234,De'Andre Hunter,SF,26,ATL,57,1681,0.459,16.1,,0.541,0.166,0.149,0.137,0.089,0.459,,0.521,0.682,0.485,0.429,0.424,0.385,,0.674,0.906,,0.027,13,,0.322,0.398,,0,0
235,Matthew Hurt,PF,23,MEM,8,113,0.353,19.5,,0.412,0.088,0.118,0.029,0.176,0.588,,0.5,0.667,0.5,0,0.5,0.25,,0.571,1,,0,0,,0.25,0.4,,0,0
236,Bones Hyland,PG,23,LAC,37,540,0.386,17.5,,0.462,0.135,0.203,0.084,0.04,0.538,,0.457,0.647,0.412,0.333,0.3,0.326,,0.302,0.5,,0.008,2,,0.126,0.353,,1,0
237,Joe Ingles,SF,36,ORL,68,1169,0.436,19.9,,0.291,0.079,0.198,0.009,0.004,0.709,,0.439,0.778,0.311,0,1,0.435,,0.448,0.929,,0,0,,0.199,0.469,,2,0
238,Brandon Ingram,SF,26,NOP,64,2103,0.492,14.4,,0.762,0.147,0.155,0.28,0.179,0.238,,0.534,0.753,0.449,0.512,0.462,0.355,,0.415,0.779,,0.034,35,,0.128,0.355,,2,0
239,Kyrie Irving,SG,31,DAL,58,2030,0.497,15.1,,0.628,0.144,0.226,0.171,0.087,0.372,,0.548,0.675,0.527,0.518,0.449,0.411,,0.375,0.653,,0.006,6,,0.166,0.514,,1,0
240,Jonathan Isaac,PF,26,ORL,58,914,0.51,12.6,,0.608,0.395,0.091,0.056,0.066,0.392,,0.598,0.717,0.385,0.375,0.368,0.375,,0.654,0.976,,0.203,52,,0.491,0.455,,1,0
241,Jaden Ivey,SG,21,DET,77,2217,0.429,13.8,,0.621,0.222,0.249,0.118,0.032,0.379,,0.485,0.657,0.413,0.339,0.387,0.336,,0.423,0.895,,0.015,14,,0.225,0.337,,6,0
242,Andre Jackson Jr.,SG,22,MIL,57,572,0.5,13.8,,0.54,0.27,0.15,0.1,0.02,0.46,,0.611,0.741,0.267,0.7,1,0.37,,0.515,1,,0.16,16,,0.63,0.345,,0,0
243,GG Jackson II,PF,19,MEM,48,1233,0.428,15.7,,0.492,0.263,0.149,0.039,0.041,0.508,,0.502,0.676,0.333,0.227,0.261,0.357,,0.576,0.863,,0.076,38,,0.224,0.484,,1,0
244,Isaiah Jackson,C,22,IND,59,771,0.665,3.1,,0.983,0.67,0.27,0.03,0.013,0.017,,0.677,0.795,0.397,0.571,0.667,0,,0.755,,,0.352,72,,0.5,0,,0,0
245,Jaren Jackson Jr.,C,24,MEM,66,2124,0.444,11.9,,0.685,0.221,0.39,0.066,0.008,0.315,,0.501,0.63,0.439,0.455,0.333,0.32,,0.491,0.932,,0.034,34,,0.15,0.309,,8,0
246,Justin Jackson,SF,28,MIN,2,1,,,,,,,,,,,,,,,,,,,,,,0,,,,,0,0
247,Quenton Jackson,PG,25,IND,3,11,0,2.3,,1,1,0,0,0,0,,0,0,,,,,,,,,0,0,,,,,0,0
248,Reggie Jackson,PG,33,DEN,82,1817,0.431,14.6,,0.624,0.187,0.247,0.089,0.102,0.376,,0.475,0.61,0.422,0.433,0.39,0.359,,0.402,0.775,,0.011,6,,0.204,0.397,,4,0
249,Trayce Jackson-Davis,PF,23,GSW,68,1130,0.702,2.5,,0.997,0.648,0.343,0.006,0,0.003,,0.704,0.777,0.561,1,,0,,0.751,,,0.373,112,,0,,,0,0
250,LeBron James,PF,39,LAL,71,2504,0.54,11.6,,0.714,0.345,0.217,0.078,0.073,0.286,,0.592,0.772,0.482,0.313,0.366,0.41,,0.435,0.685,,0.071,84,,0.096,0.457,,1,0
251,Jaime Jaquez Jr.,SF,22,MIA,75,2113,0.489,10.9,,0.71,0.286,0.337,0.069,0.019,0.29,,0.558,0.668,0.506,0.438,0.231,0.322,,0.533,0.969,,0.05,29,,0.51,0.32,,4,0
252,DeJon Jarreau,SG,26,MEM,9,150,0.34,12.5,,0.74,0.26,0.28,0.1,0.1,0.26,,0.351,0.538,0.286,0.4,0,0.308,,0.077,1,,0.04,2,,0.154,0,,0,0
253,DaQuan Jeffries,SG,26,NYK,17,46,0.353,18.1,,0.412,0.059,0.176,0.176,0,0.588,,0.571,1,0.667,0.333,,0.2,,1,1,,0,0,,0.4,0.25,,0,0
254,Trey Jemison,C,24,TOT,25,573,0.551,4.1,,1,0.588,0.279,0.118,0.015,0,,0.551,0.663,0.368,0.5,0,,,0.56,,,0.162,18,,,,,0,0
254,Trey Jemison,C,24,WAS,2,1,,,,,,,,,,,,,,,,,,,,,,0,,,,,0,0
254,Trey Jemison,C,24,MEM,23,572,0.551,4.1,,1,0.588,0.279,0.118,0.015,0,,0.551,0.663,0.368,0.5,0,,,0.56,,,0.162,18,,,,,0,0
255,Ty Jerome,SG,26,CLE,2,15,0.5,10.6,,0.75,0.25,0.25,0.25,0,0.25,,0.667,0,1,1,,0,,0,,,0,0,,0,,,0,0
256,Isaiah Joe,SG,24,OKC,78,1445,0.458,21.3,,0.272,0.091,0.041,0.07,0.07,0.728,,0.568,0.773,0.4,0.5,0.471,0.416,,0.76,0.966,,0.039,15,,0.212,0.413,,2,0
257,Cameron Johnson,PF,27,BRK,58,1599,0.446,17.5,,0.43,0.17,0.126,0.073,0.061,0.57,,0.519,0.724,0.41,0.378,0.342,0.391,,0.601,0.957,,0.034,18,,0.331,0.462,,1,0
258,Jalen Johnson,SF,22,ATL,56,1889,0.511,10.6,,0.715,0.342,0.272,0.083,0.019,0.285,,0.574,0.696,0.471,0.431,0.462,0.355,,0.705,0.972,,0.15,98,,0.285,0.298,,1,0
259,James Johnson,PF,36,IND,9,47,0.3,11.1,,0.8,0.2,0.4,0.2,0,0.2,,0.375,1,0.25,0,,0,,0.333,,,0.2,2,,0,,,0,0
260,Keldon Johnson,SF,24,SAS,69,2038,0.454,13.4,,0.574,0.261,0.256,0.038,0.019,0.426,,0.533,0.636,0.439,0.485,0.5,0.346,,0.492,0.906,,0.038,28,,0.3,0.327,,1,0
261,Keon Johnson,SG,21,BRK,5,61,0.381,17.5,,0.524,0.19,0.095,0.048,0.19,0.476,,0.364,0.5,0.5,0,0.25,0.4,,0.75,1,,0.048,1,,0.1,1,,0,0
262,Keyontae Johnson,SF,23,OKC,9,66,0.313,7.7,,0.813,0.438,0.313,0.063,0,0.188,,0.308,0.286,0.2,1,,0.333,,0.5,1,,0.063,1,,0.333,1,,0,0
263,Nikola Jokić,C,28,DEN,79,2737,0.583,9.7,,0.836,0.26,0.404,0.115,0.057,0.164,,0.626,0.741,0.614,0.537,0.37,0.359,,0.572,0.807,,0.013,17,,0.035,0.25,,8,0
264,Colby Jones,SG,21,SAC,30,192,0.394,12.1,,0.69,0.183,0.338,0.155,0.014,0.31,,0.531,0.462,0.583,0.455,1,0.091,,0.538,1,,0.014,1,,0.364,0.125,,0,0
265,Damian Jones,C,28,CLE,39,270,0.597,8.2,,0.806,0.542,0.139,0.069,0.056,0.194,,0.69,0.795,0.4,0.8,0.25,0.214,,0.775,1,,0.25,17,,0.429,0.333,,0,0
266,Derrick Jones Jr.,SF,26,DAL,76,1783,0.483,13.2,,0.517,0.327,0.168,0.018,0.004,0.483,,0.613,0.691,0.494,0.444,0,0.343,,0.764,0.988,,0.158,62,,0.586,0.343,,0,0
267,Herbert Jones,SF,25,NOP,76,2321,0.498,13.8,,0.536,0.311,0.162,0.022,0.041,0.464,,0.568,0.705,0.389,0.231,0.417,0.418,,0.609,0.965,,0.07,39,,0.527,0.479,,1,0
268,Mason Jones,SG,25,SAC,5,28,0.25,24.4,,0.125,0,0,0.125,0,0.875,,0,,,0,,0.286,,,1,,0,0,,0.143,0,,0,0
269,Tre Jones,PG,24,SAS,77,2138,0.505,11.5,,0.682,0.328,0.242,0.1,0.012,0.318,,0.584,0.726,0.497,0.367,0.286,0.335,,0.406,0.906,,0.003,1,,0.403,0.377,,2,0
270,Tyus Jones,PG,27,WAS,66,1933,0.489,14.8,,0.616,0.111,0.297,0.174,0.033,0.384,,0.537,0.635,0.49,0.56,0.5,0.414,,0.418,0.792,,0,0,,0.246,0.476,,0,0
271,DeAndre Jordan,C,35,DEN,36,396,0.624,2,,1,0.828,0.161,0.011,0,0,,0.624,0.675,0.4,0,,,,0.724,,,0.441,37,,,,,0,0
272,Cory Joseph,PG,32,GSW,26,296,0.359,20.4,,0.344,0.031,0.156,0.078,0.078,0.656,,0.455,0,0.7,0.4,0.2,0.31,,0.6,0.923,,0,0,,0.238,0.4,,1,0
273,Nikola Jović,PF,20,MIA,46,896,0.452,16.7,,0.42,0.178,0.196,0.032,0.014,0.58,,0.525,0.6,0.509,0.222,0.5,0.399,,0.694,0.892,,0.007,2,,0.288,0.468,,0,0
274,Johnny Juzang,SG,22,UTA,20,372,0.464,19.3,,0.3,0.027,0.236,0.018,0.018,0.7,,0.576,1,0.538,0.5,0.5,0.416,,0.789,1,,0.009,1,,0.442,0.382,,0,0
275,Luke Kennard,SG,27,MEM,39,999,0.448,21.8,,0.244,0.06,0.054,0.079,0.051,0.756,,0.442,0.684,0.235,0.44,0.375,0.45,,0.765,0.944,,0,0,,0.118,0.393,,0,0
276,Walker Kessler,C,22,UTA,64,1493,0.654,3.4,,0.946,0.68,0.257,0.003,0.006,0.054,,0.68,0.752,0.511,0,0,0.211,,0.742,1,,0.363,124,,1,0.211,,0,0
277,Braxton Key,SF,26,DEN,20,60,0.412,10.2,,0.706,0.412,0.235,0,0.059,0.294,,0.417,0.429,0.25,,1,0.4,,1,1,,0,0,,0.2,0,,0,0
278,Corey Kispert,SF,24,WAS,80,2067,0.486,17.7,,0.395,0.2,0.149,0.038,0.009,0.605,,0.643,0.78,0.525,0.4,0.571,0.383,,0.752,0.967,,0.03,18,,0.215,0.379,,2,0
279,Maxi Kleber,C,32,DAL,43,871,0.432,18,,0.37,0.178,0.075,0.082,0.034,0.63,,0.574,0.769,0.273,0.583,0.2,0.348,,0.839,0.969,,0.041,6,,0.348,0.219,,0,0
280,Kevin Knox,SF,24,DET,31,560,0.462,15.6,,0.495,0.188,0.194,0.081,0.032,0.505,,0.598,0.686,0.583,0.6,0.167,0.33,,0.782,0.968,,0.124,20,,0.372,0.343,,0,0
281,John Konchar,SF,27,MEM,55,1173,0.423,15.1,,0.423,0.322,0.091,0.01,0,0.577,,0.568,0.657,0.316,0,,0.317,,0.68,1,,0.014,3,,0.492,0.271,,0,0
282,Furkan Korkmaz,SG,26,PHI,35,300,0.395,17.4,,0.474,0.184,0.171,0.053,0.066,0.526,,0.444,0.643,0.462,0,0.2,0.35,,0.75,0.714,,0.026,2,,0.1,0.5,,0,0
283,Luke Kornet,C,28,BOS,63,983,0.7,2.1,,0.995,0.773,0.212,0.01,0,0.005,,0.698,0.79,0.372,0.5,,1,,0.709,1,,0.404,72,,0,,,0,0
284,Vit Krejci,PG,23,ATL,22,541,0.49,18.8,,0.346,0.144,0.115,0.067,0.019,0.654,,0.639,0.667,0.583,0.714,0.5,0.412,,0.696,0.929,,0.038,4,,0.279,0.368,,0,0
285,Jonathan Kuminga,PF,21,GSW,74,1949,0.529,9.4,,0.809,0.296,0.364,0.109,0.039,0.191,,0.578,0.749,0.519,0.394,0.353,0.321,,0.615,0.906,,0.182,138,,0.279,0.435,,1,0
286,Kyle Kuzma,PF,28,WAS,70,2281,0.463,13.7,,0.657,0.206,0.272,0.117,0.062,0.343,,0.53,0.789,0.451,0.357,0.341,0.336,,0.538,0.788,,0.046,57,,0.222,0.41,,1,0
287,Jock Landale,C,28,HOU,56,763,0.515,9,,0.806,0.388,0.262,0.117,0.039,0.194,,0.578,0.638,0.519,0.625,0.25,0.25,,0.75,1,,0.117,20,,0.1,0.25,,0,0
288,Jake LaRavia,PF,22,MEM,35,806,0.389,15.7,,0.485,0.218,0.218,0.023,0.026,0.515,,0.442,0.591,0.303,0.571,0.25,0.34,,0.569,0.887,,0.026,8,,0.167,0.462,,1,0
289,Zach LaVine,SG,28,CHI,25,872,0.452,15.7,,0.551,0.237,0.136,0.053,0.125,0.449,,0.536,0.64,0.431,0.5,0.468,0.349,,0.396,0.525,,0.04,13,,0.183,0.452,,0,0
290,A.J. Lawson,SG,23,DAL,42,311,0.446,11.8,,0.587,0.364,0.198,0.008,0.017,0.413,,0.577,0.773,0.208,0,1,0.26,,0.61,1,,0.107,12,,0.64,0.25,,0,0
291,Saben Lee,PG,24,PHO,24,185,0.364,9.6,,0.709,0.382,0.309,0,0.018,0.291,,0.462,0.571,0.353,,0,0.125,,0.5,1,,0.109,4,,0.625,0.1,,0,0
292,Alex Len,C,30,SAC,48,444,0.617,4.9,,0.963,0.506,0.37,0.062,0.025,0.037,,0.641,0.805,0.433,0.4,1,0,,0.72,,,0.321,20,,0.333,0,,0,0
293,Kawhi Leonard,SF,32,LAC,68,2330,0.525,13.9,,0.711,0.168,0.2,0.246,0.097,0.289,,0.569,0.79,0.539,0.5,0.425,0.417,,0.451,0.657,,0.072,76,,0.193,0.446,,0,0
294,Caris LeVert,SG,29,CLE,68,1958,0.421,13.6,,0.595,0.261,0.212,0.11,0.012,0.405,,0.486,0.617,0.379,0.389,0.4,0.325,,0.414,0.769,,0.043,33,,0.175,0.328,,1,0
295,Kira Lewis Jr.,PG,22,TOT,28,265,0.37,13.1,,0.641,0.25,0.261,0.076,0.054,0.359,,0.508,0.609,0.542,0.429,0,0.121,,0.433,0.75,,0.011,1,,0.212,0,,0,0
295,Kira Lewis Jr.,PG,22,NOP,15,144,0.308,12.9,,0.615,0.365,0.173,0.019,0.058,0.385,,0.438,0.579,0.222,1,0,0.1,,0.5,1,,0.019,1,,0.2,0,,0,0
295,Kira Lewis Jr.,PG,22,TOR,1,2,,,,,,,,,,,,,,,,,,,,,,0,,,,,0,0
295,Kira Lewis Jr.,PG,22,UTA,12,119,0.45,13.3,,0.675,0.1,0.375,0.15,0.05,0.325,,0.593,0.75,0.733,0.333,0,0.154,,0.375,0.5,,0,0,,0.231,0,,0,0
296,Maxwell Lewis,SF,21,LAL,34,103,0.19,14.3,,0.571,0.238,0.19,0.048,0.095,0.429,,0.25,0.2,0.25,0,0.5,0.111,,0.333,1,,0.048,0,,0,,,0,0
297,E.J. Liddell,PF,23,NOP,8,23,0.167,22.1,,0.167,0.167,0,0,0,0.833,,1,1,,,,0,,1,,,0.167,1,,0,,,0,0
298,Damian Lillard,PG,33,MIL,73,2579,0.424,17.2,,0.513,0.194,0.147,0.078,0.094,0.487,,0.49,0.677,0.314,0.404,0.45,0.354,,0.196,0.509,,0.01,8,,0.058,0.278,,7,0
299,Nassir Little,SF,23,PHO,45,458,0.46,16.4,,0.435,0.21,0.161,0.032,0.032,0.565,,0.667,0.769,0.6,0.25,0.75,0.3,,0.722,1,,0.097,12,,0.357,0.32,,0,0
300,Dereck Lively II,C,19,DAL,55,1294,0.747,2.4,,0.993,0.75,0.23,0.01,0.003,0.007,,0.752,0.833,0.515,0,1,0,,0.81,,,0.527,141,,1,0,,0,0
301,Isaiah Livers,PF,25,DET,23,469,0.345,19.2,,0.336,0.155,0.086,0.017,0.078,0.664,,0.462,0.667,0.3,0,0.333,0.286,,0.778,1,,0.034,4,,0.364,0.286,,1,0
302,Chris Livingston,SF,20,MIL,21,90,0.5,7.9,,0.773,0.545,0.227,0,0,0.227,,0.588,0.667,0.4,,,0.2,,0.5,1,,0.045,1,,0.6,0.333,,0,0
303,Kenneth Lofton Jr.,PF,21,TOT,21,199,0.462,13.5,,0.692,0.192,0.256,0.128,0.115,0.308,,0.537,0.8,0.5,0.3,0.444,0.292,,0.517,1,,0.051,4,,0.167,0.25,,0,0
303,Kenneth Lofton Jr.,PF,21,MEM,15,99,0.378,13.3,,0.73,0.189,0.216,0.216,0.108,0.27,,0.407,0.714,0.5,0.25,0,0.3,,0.545,1,,0.081,3,,0.1,0,,0,0
303,Kenneth Lofton Jr.,PF,21,PHI,2,9,0.167,12.5,,0.667,0.333,0.167,0.167,0,0.333,,0.25,0.5,0,0,,0,,1,,,0,0,,0,,,0,0
303,Kenneth Lofton Jr.,PF,21,UTA,4,91,0.6,13.8,,0.657,0.171,0.314,0.029,0.143,0.343,,0.739,1,0.545,1,0.8,0.333,,0.471,1,,0.029,1,,0.25,0.333,,0,0
304,Kevon Looney,C,27,GSW,74,1195,0.597,4.2,,0.996,0.485,0.421,0.06,0.03,0.004,,0.599,0.681,0.541,0.429,0.429,0,,0.676,,,0.12,24,,0,,,1,0
305,Brook Lopez,C,35,MIL,79,2411,0.485,16.6,,0.465,0.248,0.122,0.077,0.019,0.535,,0.621,0.786,0.413,0.431,0.571,0.366,,0.739,1,,0.058,42,,0.141,0.404,,0,0
306,Robin Lopez,C,35,MIL,16,65,0.368,14.2,,0.579,0,0.579,0,0,0.421,,0.455,,0.455,,,0.25,,0.8,1,,0,0,,0.625,0.4,,0,0
307,Kevin Love,PF,35,MIA,55,924,0.44,19.4,,0.32,0.139,0.142,0.011,0.028,0.68,,0.643,0.78,0.569,0.75,0.3,0.344,,0.622,0.988,,0.003,0,,0.135,0.273,,1,0
308,Kyle Lowry,PG,37,TOT,60,1690,0.432,19.7,,0.337,0.114,0.111,0.072,0.04,0.663,,0.512,0.628,0.5,0.333,0.533,0.392,,0.477,0.806,,0,0,,0.248,0.452,,2,0
308,Kyle Lowry,PG,37,MIA,37,1037,0.426,19.6,,0.335,0.116,0.124,0.062,0.033,0.665,,0.506,0.607,0.5,0.2,0.75,0.385,,0.488,0.823,,0,0,,0.224,0.472,,2,0
308,Kyle Lowry,PG,37,PHI,23,653,0.444,19.9,,0.341,0.111,0.089,0.089,0.052,0.659,,0.522,0.667,0.5,0.5,0.286,0.404,,0.458,0.778,,0,0,,0.292,0.423,,0,0
309,Seth Lundy,SF,23,ATL,9,52,0.235,21.1,,0.235,0.059,0.118,0,0.059,0.765,,0.25,0,0,,1,0.231,,1,1,,0,0,,0.308,0.25,,0,0
310,Trey Lyles,PF,28,SAC,58,1158,0.445,18.8,,0.318,0.178,0.1,0.022,0.019,0.682,,0.578,0.754,0.375,0.571,0,0.384,,0.729,1,,0.025,6,,0.384,0.369,,3,0
311,Théo Maledon,PG,22,TOT,17,213,0.286,15,,0.571,0.214,0.229,0.086,0.043,0.429,,0.375,0.533,0.313,0.333,0,0.167,,0.6,1,,0,0,,0.233,0.286,,2,0
311,Théo Maledon,PG,22,CHO,13,200,0.288,15.6,,0.545,0.212,0.197,0.091,0.045,0.455,,0.389,0.571,0.308,0.333,0,0.167,,0.643,1,,0,0,,0.233,0.286,,2,0
311,Théo Maledon,PG,22,PHO,4,13,0.25,4.9,,1,0.25,0.75,0,0,0,,0.25,0,0.333,,,,,0,,,0,0,,,,,0,0
312,Sandro Mamukelashvili,C,24,SAS,46,451,0.471,13.4,,0.587,0.323,0.213,0.045,0.006,0.413,,0.593,0.66,0.515,0.429,1,0.297,,0.611,1,,0.077,10,,0.297,0.263,,3,0
313,Terance Mann,SG,27,LAC,75,1873,0.515,13.1,,0.586,0.292,0.193,0.085,0.016,0.414,,0.633,0.833,0.463,0.405,0.25,0.348,,0.639,0.944,,0.105,45,,0.515,0.381,,1,0
314,Tre Mann,PG,22,TOT,41,987,0.459,14.3,,0.601,0.237,0.212,0.104,0.047,0.399,,0.516,0.667,0.433,0.424,0.333,0.373,,0.194,0.766,,0.022,4,,0.198,0.44,,0,0
314,Tre Mann,PG,22,OKC,13,119,0.5,16.2,,0.525,0.25,0.1,0.075,0.1,0.475,,0.571,0.6,0.5,0.333,0.75,0.421,,0.333,0.75,,0,0,,0.158,0.667,,0,0
314,Tre Mann,PG,22,CHO,28,868,0.453,14.1,,0.612,0.236,0.228,0.109,0.04,0.388,,0.509,0.677,0.429,0.433,0.182,0.364,,0.174,0.769,,0.025,4,,0.206,0.409,,0,0
315,Boban Marjanović,C,35,HOU,14,71,0.529,6.7,,0.941,0.294,0.529,0.088,0.029,0.059,,0.563,0.9,0.444,0.333,0,0,,0.722,,,0.206,7,,0,,,0,0
316,Lauri Markkanen,PF,26,UTA,55,1820,0.48,15.7,,0.507,0.175,0.24,0.061,0.03,0.493,,0.559,0.724,0.5,0.389,0.407,0.399,,0.742,0.983,,0.098,77,,0.178,0.436,,1,0
317,Naji Marshall,SF,26,NOP,66,1257,0.463,14.3,,0.591,0.218,0.253,0.082,0.038,0.409,,0.516,0.65,0.43,0.467,0.429,0.387,,0.563,0.966,,0.027,9,,0.54,0.42,,8,1
318,Caleb Martin,SF,28,MIA,64,1756,0.431,14.5,,0.585,0.218,0.216,0.072,0.079,0.415,,0.489,0.598,0.463,0.325,0.409,0.349,,0.581,0.926,,0.036,18,,0.353,0.329,,2,0
319,Cody Martin,SF,28,CHO,28,753,0.381,14.8,,0.6,0.223,0.158,0.098,0.121,0.4,,0.426,0.667,0.382,0.381,0.077,0.314,,0.436,0.704,,0.033,5,,0.36,0.355,,0,0
320,KJ Martin,SF,23,TOT,60,746,0.536,5.8,,0.845,0.613,0.227,0,0.006,0.155,,0.582,0.649,0.415,,0,0.286,,0.787,1,,0.227,34,,0.536,0.4,,0,0
320,KJ Martin,SF,23,LAC,2,31,0.4,13.5,,0.5,0.2,0.3,0,0,0.5,,0.6,1,0.333,,,0.2,,1,1,,0.2,2,,0.6,0.333,,0,0
320,KJ Martin,SF,23,PHI,58,715,0.544,5.4,,0.865,0.637,0.222,0,0.006,0.135,,0.581,0.642,0.421,,0,0.304,,0.779,1,,0.228,32,,0.522,0.417,,0,0
321,Garrison Mathews,SG,27,ATL,66,992,0.456,22.6,,0.146,0.044,0.031,0.053,0.018,0.854,,0.545,0.8,0,0.583,0.75,0.44,,0.722,0.976,,0,0,,0.316,0.459,,0,0
322,Bennedict Mathurin,SF,21,IND,59,1538,0.446,12.4,,0.677,0.275,0.253,0.089,0.06,0.323,,0.481,0.582,0.393,0.458,0.425,0.374,,0.583,0.75,,0.03,17,,0.107,0.435,,0,0
323,Wesley Matthews,SG,37,ATL,36,413,0.351,19.7,,0.289,0.113,0.082,0.082,0.01,0.711,,0.357,0.455,0.375,0.25,0,0.348,,0.9,0.958,,0,0,,0.391,0.444,,0,0
324,Tyrese Maxey,PG,23,PHI,70,2626,0.45,14.7,,0.599,0.222,0.229,0.092,0.056,0.401,,0.501,0.667,0.406,0.392,0.413,0.373,,0.343,0.599,,0.004,6,,0.072,0.61,,3,0
325,Skylar Mays,PG-SG,26,TOT,38,433,0.396,13.4,,0.66,0.201,0.264,0.151,0.044,0.34,,0.448,0.406,0.476,0.375,0.714,0.296,,0.277,0.875,,0.038,4,,0.148,0.25,,0,0
325,Skylar Mays,PG,26,POR,21,356,0.384,13.7,,0.645,0.203,0.246,0.152,0.043,0.355,,0.438,0.393,0.441,0.429,0.667,0.286,,0.179,0.857,,0.029,2,,0.122,0.167,,0,0
325,Skylar Mays,SG,26,LAL,17,77,0.476,11.2,,0.762,0.19,0.381,0.143,0.048,0.238,,0.5,0.5,0.625,0,1,0.4,,0.75,1,,0.095,2,,0.4,0.5,,0,0
326,Miles McBride,PG,23,NYK,68,1328,0.452,17.8,,0.414,0.172,0.081,0.099,0.062,0.586,,0.511,0.679,0.351,0.444,0.357,0.41,,0.375,0.899,,0.035,12,,0.395,0.457,,3,0
327,CJ McCollum,PG,32,NOP,66,2159,0.459,17.5,,0.472,0.107,0.186,0.121,0.058,0.528,,0.492,0.584,0.464,0.477,0.443,0.429,,0.392,0.741,,0.005,5,,0.12,0.448,,0,0
328,T.J. McConnell,PG,31,IND,71,1291,0.556,8.5,,0.926,0.241,0.403,0.256,0.025,0.074,,0.568,0.741,0.527,0.493,0.333,0.409,,0.317,0.778,,0,0,,0.205,0.667,,1,0
329,Jaden McDaniels,SF,23,MIN,72,2105,0.489,13.6,,0.594,0.22,0.237,0.107,0.03,0.406,,0.592,0.783,0.497,0.507,0.263,0.337,,0.62,0.988,,0.092,49,,0.608,0.361,,2,0
330,Jalen McDaniels,SF,26,TOR,50,538,0.344,12.9,,0.624,0.201,0.339,0.063,0.021,0.376,,0.449,0.553,0.453,0.25,0,0.169,,0.679,0.917,,0.042,7,,0.296,0.286,,0,0
331,Doug McDermott,SF,32,TOT,64,904,0.433,21.9,,0.194,0.099,0.042,0.025,0.028,0.806,,0.527,0.607,0.333,0.571,0.5,0.41,,0.931,0.979,,0.021,6,,0.214,0.408,,0,0
331,Doug McDermott,SF,32,SAS,46,700,0.442,21.8,,0.195,0.116,0.028,0.023,0.028,0.805,,0.452,0.56,0,0.4,0.5,0.439,,0.947,0.974,,0.023,5,,0.208,0.417,,0,0
331,Doug McDermott,SF,32,IND,18,204,0.406,22.3,,0.188,0.043,0.087,0.029,0.029,0.812,,0.769,1,0.667,1,0.5,0.321,,0.9,1,,0.014,1,,0.232,0.385,,0,0
332,JaVale McGee,C,36,SAC,46,339,0.598,4.9,,0.947,0.492,0.417,0.03,0.008,0.053,,0.624,0.769,0.509,0,0,0.143,,0.769,1,,0.303,35,,0,,,0,0
333,Bryce McGowens,SG,21,CHO,59,882,0.439,13.9,,0.557,0.3,0.178,0.03,0.048,0.443,,0.523,0.58,0.488,0.571,0.273,0.333,,0.493,0.971,,0.03,7,,0.382,0.41,,0,0
334,Jordan McLaughlin,PG,27,MIN,56,626,0.483,17,,0.386,0.214,0.117,0.028,0.028,0.614,,0.5,0.613,0.353,0,0.75,0.472,,0.643,0.976,,0,0,,0.494,0.432,,1,1
335,De'Anthony Melton,SG,25,PHI,38,1023,0.386,17.6,,0.406,0.181,0.153,0.031,0.042,0.594,,0.425,0.538,0.345,0.273,0.333,0.36,,0.484,0.792,,0.028,10,,0.178,0.342,,0,0
336,Nathan Mensah,C,25,CHO,25,307,0.429,4,,1,0.393,0.607,0,0,0,,0.429,0.545,0.353,,,,,0.667,,,0.107,3,,,,,0,0
337,Sam Merrill,SG,27,CLE,61,1069,0.402,23.6,,0.099,0.041,0.038,0.015,0.005,0.901,,0.385,0.5,0.467,0,0,0.404,,0.8,0.965,,0,0,,0.195,0.449,,1,0
338,Chimezie Metu,C,26,TOT,51,859,0.504,12.6,,0.615,0.311,0.217,0.061,0.025,0.385,,0.633,0.803,0.491,0.4,0.333,0.298,,0.737,0.929,,0.156,34,,0.319,0.333,,0,0
338,Chimezie Metu,C,26,PHO,37,448,0.508,12.2,,0.608,0.385,0.162,0.038,0.023,0.392,,0.646,0.82,0.333,0.4,0.333,0.294,,0.824,1,,0.192,23,,0.294,0.467,,0,0
338,Chimezie Metu,C,26,DET,14,411,0.5,13.2,,0.623,0.228,0.281,0.088,0.026,0.377,,0.62,0.769,0.594,0.4,0.333,0.302,,0.636,0.846,,0.114,11,,0.349,0.2,,0,0
339,Vasilije Micić,PG,30,TOT,60,1176,0.43,14.6,,0.584,0.276,0.146,0.086,0.076,0.416,,0.537,0.706,0.296,0.469,0.464,0.279,,0.353,0.605,,0.003,1,,0.084,0.154,,0,0
339,Vasilije Micić,PG,30,OKC,30,361,0.407,16.1,,0.505,0.198,0.176,0.066,0.066,0.495,,0.565,0.944,0.25,0.5,0.333,0.244,,0.577,0.818,,0.011,1,,0.133,0,,0,0
339,Vasilije Micić,PG,30,CHO,30,815,0.437,14.2,,0.609,0.301,0.136,0.093,0.079,0.391,,0.529,0.655,0.316,0.462,0.5,0.294,,0.289,0.531,,0,0,,0.064,0.286,,0,0
340,Khris Middleton,SF,32,MIL,55,1487,0.493,16.7,,0.616,0.101,0.159,0.187,0.17,0.384,,0.563,0.708,0.51,0.517,0.578,0.381,,0.372,0.702,,0.005,2,,0.186,0.413,,0,0
341,Brandon Miller,SF,21,CHO,74,2383,0.44,16.7,,0.545,0.141,0.168,0.163,0.073,0.455,,0.495,0.673,0.412,0.426,0.494,0.373,,0.493,0.908,,0.039,39,,0.181,0.393,,4,0
342,Jordan Miller,SF,24,LAC,8,28,0.556,9.2,,0.778,0.556,0,0.111,0.111,0.222,,0.571,0.8,,0,0,0.5,,0,1,,0.222,2,,1,0.5,,0,0
343,Leonard Miller,SF,20,MIN,17,52,0.65,10.5,,0.75,0.45,0.1,0.1,0.1,0.25,,0.733,0.778,0.5,0.5,1,0.4,,0.636,1,,0,0,,0.4,0.5,,0,0
344,Dariq Whitehead,SF,19,BRK,2,24,0.2,17.6,,0.4,0,0.4,0,0,0.6,,0.5,,0.5,,,0,,1,,,0,0,,0.333,0,,0,0
345,Patty Mills,PG,35,TOT,32,415,0.351,20.2,,0.336,0.046,0.122,0.069,0.099,0.664,,0.5,0.833,0.313,0.556,0.538,0.276,,0.545,0.958,,0,0,,0.276,0.375,,0,0
345,Patty Mills,PG,35,ATL,19,202,0.373,20.4,,0.333,0.039,0.118,0.078,0.098,0.667,,0.353,0.5,0.167,0.5,0.4,0.382,,0.667,1,,0,0,,0.412,0.5,,0,0
345,Patty Mills,PG,35,MIA,13,213,0.338,20,,0.338,0.05,0.125,0.063,0.1,0.663,,0.593,1,0.4,0.6,0.625,0.208,,0.5,0.909,,0,0,,0.189,0.2,,0,0
346,Shake Milton,SG,27,TOT,48,581,0.405,13.1,,0.672,0.215,0.226,0.205,0.026,0.328,,0.466,0.69,0.295,0.4,0.6,0.281,,0.639,0.944,,0,0,,0.391,0.4,,1,0
346,Shake Milton,SG,27,MIN,38,491,0.4,13.1,,0.669,0.206,0.244,0.206,0.013,0.331,,0.467,0.667,0.333,0.394,1,0.264,,0.6,0.929,,0,0,,0.396,0.429,,1,0
346,Shake Milton,SG,27,DET,4,63,0.423,14,,0.654,0.231,0.115,0.231,0.077,0.346,,0.471,0.667,0,0.5,0.5,0.333,,0.75,1,,0,0,,0.444,0.25,,0,0
346,Shake Milton,SG,27,NYK,6,27,0.444,10.7,,0.778,0.333,0.222,0.111,0.111,0.222,,0.429,1,0,0,0,0.5,,1,1,,0,0,,0,,,0,0
347,Justin Minaya,SF,24,POR,34,381,0.297,17.5,,0.338,0.243,0.081,0.014,0,0.662,,0.4,0.556,0,0,,0.245,,0.4,0.917,,0.041,2,,0.245,0.333,,0,0
348,Josh Minott,SF,21,MIN,32,91,0.472,9.1,,0.722,0.444,0.278,0,0,0.278,,0.5,0.625,0.3,,,0.4,,0.615,1,,0.139,4,,0.3,0.333,,0,0
349,Davion Mitchell,PG,25,SAC,72,1101,0.452,16.2,,0.511,0.155,0.192,0.09,0.074,0.489,,0.539,0.76,0.5,0.31,0.458,0.361,,0.472,0.965,,0,0,,0.291,0.457,,0,0
350,Donovan Mitchell,SG,27,CLE,55,1942,0.462,16.4,,0.546,0.209,0.139,0.097,0.101,0.454,,0.539,0.702,0.411,0.462,0.455,0.368,,0.249,0.56,,0.019,18,,0.051,0.32,,1,0
351,Evan Mobley,PF,22,CLE,50,1532,0.58,6.5,,0.893,0.464,0.337,0.065,0.027,0.107,,0.604,0.77,0.462,0.361,0.133,0.373,,0.725,1,,0.239,129,,0.424,0.36,,0,0
352,Isaiah Mobley,PF,24,CLE,10,72,0.417,12.3,,0.583,0.375,0.167,0.042,0,0.417,,0.5,0.778,0,0,,0.3,,0.429,1,,0.083,2,,0.4,0.25,,0,0
353,Malik Monk,SG,25,SAC,72,1872,0.443,16.2,,0.526,0.169,0.189,0.108,0.06,0.474,,0.528,0.656,0.456,0.5,0.444,0.35,,0.464,0.784,,0.049,41,,0.132,0.429,,0,0
354,Moses Moody,SG,21,GSW,66,1156,0.462,15.2,,0.524,0.179,0.24,0.064,0.04,0.476,,0.555,0.733,0.475,0.481,0.353,0.36,,0.582,0.903,,0.05,17,,0.27,0.315,,0,0
355,Xavier Moon,SG,29,LAC,14,119,0.326,16.2,,0.63,0.065,0.217,0.217,0.13,0.37,,0.448,0,0.4,0.6,0.5,0.118,,0.308,0.5,,0,0,,0.059,0,,0,0
356,Taze Moore,SG,25,POR,4,40,0.421,11.9,,0.632,0.368,0.211,0,0.053,0.368,,0.583,1,0,,0,0.143,,0.429,1,,0.105,2,,0.286,0,,0,0
357,Wendell Moore Jr.,SG,22,MIN,25,75,0.5,13,,0.667,0.222,0.167,0.222,0.056,0.333,,0.75,1,0.667,0.75,0,0,,0.556,,,0.056,1,,0.333,0,,0,0
358,Ja Morant,PG,24,MEM,9,318,0.471,11.9,,0.7,0.288,0.288,0.088,0.035,0.3,,0.555,0.714,0.49,0.267,0.5,0.275,,0.288,0.5,,0.047,6,,0.098,0.2,,0,0
359,Marcus Morris,PF,34,TOT,49,817,0.439,18.1,,0.549,0.072,0.121,0.178,0.178,0.451,,0.469,0.684,0.375,0.511,0.404,0.403,,0.471,0.938,,0.008,2,,0.294,0.429,,1,0
359,Marcus Morris,PF,34,PHI,37,637,0.439,17.8,,0.561,0.093,0.122,0.161,0.185,0.439,,0.47,0.684,0.32,0.545,0.395,0.4,,0.444,0.972,,0.01,2,,0.267,0.375,,0,0
359,Marcus Morris,PF,34,CLE,12,180,0.441,19.3,,0.508,0,0.119,0.237,0.153,0.492,,0.467,,0.571,0.429,0.444,0.414,,0.571,0.833,,0,0,,0.379,0.545,,1,0
360,Markieff Morris,PF,34,DAL,26,216,0.338,20.4,,0.382,0.044,0.103,0.118,0.118,0.618,,0.308,0.333,0.429,0.25,0.25,0.357,,0.5,0.867,,0,0,,0.238,0.5,,0,0
361,Monte Morris,PG,28,TOT,33,476,0.405,17.7,,0.542,0.111,0.098,0.203,0.131,0.458,,0.422,0.588,0.2,0.419,0.45,0.386,,0.314,0.926,,0,0,,0.3,0.476,,2,0
361,Monte Morris,PG,28,DET,6,68,0.364,17.2,,0.667,0.152,0.182,0.182,0.152,0.333,,0.455,0.4,0.5,0.667,0.2,0.182,,0.3,0.5,,0,0,,0.273,0,,2,0
361,Monte Morris,PG,28,MIN,27,408,0.417,17.8,,0.508,0.1,0.075,0.208,0.125,0.492,,0.41,0.667,0,0.36,0.533,0.424,,0.32,0.96,,0,0,,0.305,0.556,,0,0
362,Trey Murphy III,SF,23,NOP,57,1690,0.443,20.3,,0.283,0.142,0.1,0.027,0.014,0.717,,0.602,0.795,0.419,0.471,0.222,0.38,,0.679,0.893,,0.068,38,,0.2,0.404,,1,0
363,Dejounte Murray,SG,27,ATL,78,2783,0.459,14.9,,0.621,0.17,0.191,0.181,0.079,0.379,,0.518,0.581,0.464,0.521,0.509,0.363,,0.261,0.706,,0.011,14,,0.222,0.431,,1,0
364,Jamal Murray,PG,26,DEN,59,1861,0.481,15.2,,0.654,0.166,0.167,0.169,0.151,0.346,,0.51,0.652,0.461,0.455,0.47,0.425,,0.337,0.6,,0.019,19,,0.111,0.289,,2,0
365,Keegan Murray,SF,23,SAC,77,2588,0.454,17.3,,0.476,0.139,0.149,0.112,0.076,0.524,,0.56,0.728,0.559,0.477,0.378,0.358,,0.746,0.978,,0.084,72,,0.252,0.326,,1,0
366,Kris Murray,SF,23,POR,62,1348,0.396,14.1,,0.5,0.287,0.18,0.03,0.003,0.5,,0.525,0.657,0.333,0.455,0,0.268,,0.5,0.98,,0.06,21,,0.475,0.299,,1,0
367,Mike Muscala,C,32,TOT,53,600,0.359,18.2,,0.385,0.167,0.103,0.058,0.058,0.615,,0.467,0.615,0.375,0.333,0.333,0.292,,0.643,1,,0.032,4,,0.24,0.391,,0,0
367,Mike Muscala,C,32,WAS,24,338,0.367,17.5,,0.433,0.178,0.1,0.089,0.067,0.567,,0.487,0.625,0.333,0.375,0.5,0.275,,0.737,1,,0.022,2,,0.255,0.231,,0,0
367,Mike Muscala,C,32,DET,13,171,0.341,21.3,,0.227,0.068,0.114,0.023,0.023,0.773,,0.2,0.333,0.2,0,0,0.382,,0,1,,0.023,0,,0.235,0.75,,0,0
367,Mike Muscala,C,32,OKC,16,91,0.364,15,,0.5,0.318,0.091,0,0.091,0.5,,0.636,0.714,1,,0,0.091,,0.571,1,,0.091,2,,0.182,0,,0,0
368,Svi Mykhailiuk,SF,26,BOS,41,413,0.416,21.9,,0.212,0.109,0.036,0.051,0.015,0.788,,0.517,0.667,0.8,0.143,0,0.389,,0.733,0.929,,0.036,3,,0.278,0.533,,1,0
369,Larry Nance Jr.,C,31,NOP,61,1216,0.573,9.8,,0.73,0.411,0.245,0.062,0.012,0.27,,0.631,0.727,0.525,0.4,0.667,0.415,,0.766,0.963,,0.22,46,,0.585,0.421,,3,0
370,Pete Nance,PF,23,CLE,8,27,0.167,10.2,,0.833,0.333,0.167,0.333,0,0.167,,0,0,0,0,,1,,,1,,0,0,,0,,,0,0
371,Andrew Nembhard,PG,24,IND,68,1697,0.498,14.1,,0.672,0.19,0.207,0.197,0.079,0.328,,0.567,0.737,0.472,0.534,0.488,0.357,,0.412,0.918,,0.002,1,,0.31,0.528,,0,0
372,Aaron Nesmith,SF,24,IND,72,1995,0.496,15.2,,0.474,0.246,0.167,0.052,0.009,0.526,,0.581,0.699,0.434,0.485,0.667,0.419,,0.697,0.986,,0.052,31,,0.419,0.436,,0,0
373,Georges Niang,PF,30,CLE,82,1831,0.449,17.9,,0.373,0.12,0.196,0.049,0.008,0.627,,0.572,0.684,0.524,0.548,0.2,0.376,,0.741,0.973,,0,0,,0.354,0.343,,0,0
374,Daishen Nix,PG,21,MIN,15,50,0.375,19.3,,0.292,0.083,0.208,0,0,0.708,,0.429,1,0.2,,,0.353,,0.333,0.667,,0.042,1,,0.176,0,,0,0
375,Zeke Nnaji,PF,23,DEN,58,576,0.463,6.1,,0.846,0.597,0.215,0.027,0.007,0.154,,0.5,0.584,0.313,0.25,0,0.261,,0.619,1,,0.181,24,,0.391,0.222,,0,0
376,Jaylen Nowell,SG,24,TOT,13,214,0.436,15.7,,0.628,0.103,0.269,0.128,0.128,0.372,,0.571,0.625,0.429,0.7,0.7,0.207,,0.536,1,,0.013,1,,0.172,0.2,,1,0
376,Jaylen Nowell,SG,24,MEM,9,156,0.4,17.3,,0.582,0.036,0.255,0.164,0.127,0.418,,0.563,0.5,0.429,0.667,0.714,0.174,,0.444,1,,0,0,,0.174,0.25,,1,0
376,Jaylen Nowell,SG,24,DET,4,58,0.522,11.8,,0.739,0.261,0.304,0.043,0.13,0.261,,0.588,0.667,0.429,1,0.667,0.333,,0.7,1,,0.043,1,,0.167,0,,0,0
377,Markquis Nowell,SG,24,TOR,1,4,0,9.5,,1,0,1,0,0,0,,0,,0,,,,,,,,0,0,,,,,0,0
378,Frank Ntilikina,PG,25,CHO,5,43,0.111,24.2,,0.111,0,0,0,0.111,0.889,,0,,,,0,0.125,,,1,,0,0,,0.375,0,,0,0
379,Jusuf Nurkić,C,29,PHO,76,2078,0.51,6.5,,0.856,0.504,0.311,0.03,0.011,0.144,,0.555,0.63,0.446,0.526,0.286,0.244,,0.651,1,,0.104,56,,0.1,0.111,,0,0
380,Jordan Nwora,SF,25,TOT,52,712,0.462,14.4,,0.562,0.268,0.197,0.06,0.037,0.438,,0.56,0.663,0.542,0.389,0.182,0.336,,0.585,0.841,,0.033,9,,0.298,0.359,,2,0
380,Jordan Nwora,SF,25,IND,18,183,0.451,14,,0.561,0.317,0.159,0.049,0.037,0.439,,0.565,0.654,0.462,0.5,0.333,0.306,,0.731,1,,0.049,4,,0.278,0.3,,0,0
380,Jordan Nwora,SF,25,TOR,34,529,0.465,14.5,,0.562,0.249,0.212,0.065,0.037,0.438,,0.557,0.667,0.565,0.357,0.125,0.347,,0.529,0.788,,0.028,5,,0.305,0.379,,2,0
381,Royce O'Neale,SF,30,TOT,79,1954,0.397,21.8,,0.217,0.109,0.085,0.019,0.004,0.783,,0.496,0.627,0.326,0.5,0.5,0.37,,0.672,0.936,,0.007,3,,0.166,0.443,,7,0
381,Royce O'Neale,SF,30,BRK,49,1202,0.388,22.6,,0.185,0.098,0.065,0.022,0,0.815,,0.483,0.531,0.381,0.571,,0.366,,0.69,0.928,,0.009,2,,0.151,0.45,,6,0
381,Royce O'Neale,SF,30,PHO,30,752,0.411,20.5,,0.266,0.126,0.117,0.014,0.009,0.734,,0.509,0.741,0.28,0.333,0.5,0.376,,0.655,0.949,,0.005,1,,0.191,0.433,,1,0
